0.005,1.05E-06
0.01,3.59E-07
0.015,2.40E-07
0.02,-9.28E-07
0.025,-1.19E-06
0.03,-2.03E-06
0.035,-1.85E-06
0.04,-2.65E-06
0.045,-3.56E-06
0.05,-5.98E-06
0.055,-8.13E-06
0.06,-1.13E-05
0.065,-1.32E-05
0.07,-1.51E-05
0.075,-1.43E-05
0.08,-1.12E-05
0.085,-9.68E-06
0.09,-1.71E-05
0.095,-3.73E-05
0.1,-6.08E-05
0.105,-6.98E-05
0.11,-7.00E-05
0.115,-5.83E-05
0.12,-4.00E-05
0.125,-2.26E-05
0.13,-3.14E-05
0.135,-4.05E-05
0.14,-3.46E-05
0.145,-1.47E-05
0.15,9.19E-06
0.155,9.59E-06
0.16,-7.75E-06
0.165,-3.27E-05
0.17,-5.43E-05
0.175,-5.73E-05
0.18,-3.01E-05
0.185,1.99E-05
0.19,0.000115347
0.195,0.000205703
0.2,0.000255395
0.205,0.000275892
0.21,0.000275196
0.215,0.000272775
0.22,0.000261896
0.225,0.000223647
0.23,0.000150546
0.235,4.90E-05
0.24,-0.000107285
0.245,-0.000292961
0.25,-0.000487252
0.255,-0.000679616
0.26,-0.000861572
0.265,-0.000978122
0.27,-0.001077767
0.275,-0.001155568
0.28,-0.001196208
0.285,-0.001208705
0.29,-0.001172178
0.295,-0.001101934
0.3,-0.001003411
0.305,-0.000873425
0.31,-0.000712263
0.315,-0.00055371
0.32,-0.00037996
0.325,-8.60E-05
0.33,0.000186557
0.335,0.00030277
0.34,0.000321487
0.345,0.000287347
0.35,0.000163126
0.355,1.10E-05
0.36,-0.000115165
0.365,-0.000252495
0.37,-0.000407075
0.375,-0.000523155
0.38,-0.000603054
0.385,-0.000569437
0.39,-0.000579355
0.395,-0.000666724
0.4,-0.000599704
0.405,-0.000407728
0.41,1.98E-05
0.415,0.000385469
0.42,0.000418181
0.425,0.000387975
0.43,0.000427666
0.435,0.000731037
0.44,0.001048918
0.445,0.001112477
0.45,0.001202893
0.455,0.001463499
0.46,0.002014865
0.465,0.002665226
0.47,0.003256673
0.475,0.003666631
0.48,0.003572764
0.485,0.00327402
0.49,0.003030872
0.495,0.003167321
0.5,0.00349243
0.505,0.003822702
0.51,0.003924207
0.515,0.003631927
0.52,0.003052752
0.525,0.002355183
0.53,0.001319219
0.535,1.03E-05
0.54,-0.001393928
0.545,-0.002285257
0.55,-0.00272696
0.555,-0.002743984
0.56,-0.002867089
0.565,-0.003381929
0.57,-0.004421127
0.575,-0.005115888
0.58,-0.004408262
0.585,-0.003424434
0.59,-0.002562154
0.595,-0.002060231
0.6,-0.001935421
0.605,-0.001971604
0.61,-0.001822723
0.615,-0.00113763
0.62,-4.73E-05
0.625,0.001232001
0.63,0.002562847
0.635,0.003811329
0.64,0.00449321
0.645,0.004874897
0.65,0.004743357
0.655,0.00394852
0.66,0.002895272
0.665,0.00222551
0.67,0.001772144
0.675,0.001315685
0.68,0.000710293
0.685,-0.000221059
0.69,-0.00228676
0.695,-0.004625494
0.7,-0.006139997
0.705,-0.006682675
0.71,-0.006502822
0.715,-0.005314229
0.72,-0.004010453
0.725,-0.002952017
0.73,-0.002023859
0.735,-0.001385047
0.74,-0.001080904
0.745,-0.000701551
0.75,0.000550458
0.755,0.002388155
0.76,0.005172045
0.765,0.007566517
0.77,0.00883987
0.775,0.009204668
0.78,0.008931367
0.785,0.008273473
0.79,0.007643022
0.795,0.007179828
0.8,0.006709296
0.805,0.0062268
0.81,0.0057258
0.815,0.00510849
0.82,0.004150941
0.825,0.002847804
0.83,0.001369271
0.835,-0.000106946
0.84,-0.001374996
0.845,-0.002074671
0.85,-0.002366024
0.855,-0.002529029
0.86,-0.002861669
0.865,-0.003187882
0.87,-0.003247804
0.875,-0.003002269
0.88,-0.002381779
0.885,-0.00153441
0.89,-0.000664213
0.895,0.000221513
0.9,0.001036519
0.905,0.001588732
0.91,0.001942952
0.915,0.002129103
0.92,0.001784737
0.925,0.001134672
0.93,0.000354022
0.935,-0.000100586
0.94,4.68E-06
0.945,0.000491872
0.95,0.001024949
0.955,0.001408712
0.96,0.001790854
0.965,0.002114178
0.97,0.002025359
0.975,0.001496887
0.98,0.000234631
0.985,-0.001290648
0.99,-0.002960551
0.995,-0.003826262
1,-0.003836371
1.005,-0.003274165
1.01,-0.002659708
1.015,-0.001994539
1.02,-0.000886272
1.025,0.00062979
1.03,0.001878454
1.035,0.00292447
1.04,0.003937773
1.045,0.004919731
1.05,0.005814618
1.055,0.006368061
1.06,0.006639365
1.065,0.006619096
1.07,0.006277853
1.075,0.00534931
1.08,0.004040911
1.085,0.002319121
1.09,0.000110972
1.095,-0.002727985
1.1,-0.006943235
1.105,-0.01202192
1.11,-0.01696438
1.115,-0.0196855
1.12,-0.02066167
1.125,-0.02010857
1.13,-0.01824083
1.135,-0.01592225
1.14,-0.01453345
1.145,-0.01335378
1.15,-0.01189261
1.155,-0.01038295
1.16,-0.008578135
1.165,-0.0058645
1.17,-0.002913435
1.175,-0.000407124
1.18,0.001619859
1.185,0.002484868
1.19,0.002645649
1.195,0.002507045
1.2,0.001743692
1.205,0.000828246
1.21,0.000211951
1.215,-0.000499114
1.22,-0.001471945
1.225,-0.002654383
1.23,-0.003818947
1.235,-0.004861411
1.24,-0.00620059
1.245,-0.007871081
1.25,-0.009023221
1.255,-0.009744692
1.26,-0.01019795
1.265,-0.0108196
1.27,-0.01165439
1.275,-0.01208075
1.28,-0.01215685
1.285,-0.01133145
1.29,-0.009848978
1.295,-0.007805013
1.3,-0.00521711
1.305,-0.002414529
1.31,0.000142501
1.315,0.002491662
1.32,0.004543691
1.325,0.006038187
1.33,0.00686538
1.335,0.007307878
1.34,0.007585784
1.345,0.007847059
1.35,0.008166938
1.355,0.008531048
1.36,0.008547276
1.365,0.008232167
1.37,0.007670484
1.375,0.007122031
1.38,0.006805799
1.385,0.006286247
1.39,0.005552577
1.395,0.004804655
1.4,0.004315584
1.405,0.004425369
1.41,0.004562413
1.415,0.004472443
1.42,0.004049511
1.425,0.003459094
1.43,0.002652035
1.435,0.001998139
1.44,0.00184064
1.445,0.002610587
1.45,0.003578517
1.455,0.003931106
1.46,0.004222102
1.465,0.004592549
1.47,0.004960876
1.475,0.005346692
1.48,0.005724857
1.485,0.005932322
1.49,0.005712014
1.495,0.005228373
1.5,0.004470317
1.505,0.003338223
1.51,0.002341377
1.515,0.001871454
1.52,0.001316483
1.525,0.000125269
1.53,-0.002995193
1.535,-0.006745439
1.54,-0.01009508
1.545,-0.01372042
1.55,-0.01739644
1.555,-0.01981608
1.56,-0.02154766
1.565,-0.02223355
1.57,-0.02124932
1.575,-0.01935105
1.58,-0.01736755
1.585,-0.01566996
1.59,-0.01441867
1.595,-0.01302676
1.6,-0.01117708
1.605,-0.008713427
1.61,-0.006009051
1.615,-0.002921058
1.62,0.00049252
1.625,0.0041744
1.63,0.008403685
1.635,0.01276161
1.64,0.01631948
1.645,0.0190826
1.65,0.01956249
1.655,0.01895376
1.66,0.01702094
1.665,0.01400978
1.67,0.01119807
1.675,0.01065943
1.68,0.01106339
1.685,0.01237973
1.69,0.01377071
1.695,0.01466941
1.7,0.01529635
1.705,0.01574772
1.71,0.01601078
1.715,0.01601362
1.72,0.01569416
1.725,0.01477341
1.73,0.01357848
1.735,0.01220665
1.74,0.01083685
1.745,0.009823596
1.75,0.01030386
1.755,0.01152198
1.76,0.01360357
1.765,0.01532972
1.77,0.01601522
1.775,0.01607555
1.78,0.01561287
1.785,0.01418208
1.79,0.01271974
1.795,0.01163732
1.8,0.01070087
1.805,0.009663871
1.81,0.00760362
1.815,0.005222806
1.82,0.002458512
1.825,-0.001051252
1.83,-0.004996333
1.835,-0.0092677
1.84,-0.01305881
1.845,-0.01604333
1.85,-0.01840897
1.855,-0.02035405
1.86,-0.02140904
1.865,-0.02125078
1.87,-0.02022525
1.875,-0.01807924
1.88,-0.0155282
1.885,-0.01311794
1.89,-0.01067204
1.895,-0.008113726
1.9,-0.005052004
1.905,-0.001996492
1.91,-0.000783919
1.915,-0.000305931
1.92,-0.000518448
1.925,-0.001527182
1.93,-0.003086318
1.935,-0.004508068
1.94,-0.005674278
1.945,-0.006884586
1.95,-0.008780837
1.955,-0.01113249
1.96,-0.01313386
1.965,-0.0146917
1.97,-0.01520106
1.975,-0.01401492
1.98,-0.01189195
1.985,-0.01019671
1.99,-0.009239179
1.995,-0.009505936
2,-0.01001939
2.005,-0.01031234
2.01,-0.009801128
2.015,-0.008626918
2.02,-0.006697332
2.025,-0.004538506
2.03,-0.002261967
2.035,0.000337388
2.04,0.003326816
2.045,0.007544473
2.05,0.01123332
2.055,0.01290934
2.06,0.01363502
2.065,0.01330655
2.07,0.01160343
2.075,0.009699076
2.08,0.008268232
2.085,0.00714539
2.09,0.00635873
2.095,0.005626568
2.1,0.004822823
2.105,0.003896099
2.11,0.002382224
2.115,0.000145967
2.12,-0.001826474
2.125,-0.003185189
2.13,-0.003624402
2.135,-0.003475895
2.14,-0.002965056
2.145,-0.001620773
2.15,-0.000234885
2.155,0.000303329
2.16,0.000122557
2.165,-0.000813152
2.17,-0.00207052
2.175,-0.002829138
2.18,-0.002283722
2.185,-0.001013334
2.19,0.000446165
2.195,0.001848841
2.2,0.002879895
2.205,0.003125371
2.21,0.00370788
2.215,0.004876201
2.22,0.005405388
2.225,0.005422168
2.23,0.004355816
2.235,0.001780821
2.24,-0.002460844
2.245,-0.007231363
2.25,-0.01130512
2.255,-0.01349329
2.26,-0.01282993
2.265,-0.01035158
2.27,-0.007237311
2.275,-0.004331532
2.28,-0.002342336
2.285,-0.000607558
2.29,0.001105561
2.295,0.002878355
2.3,0.004698339
2.305,0.00658392
2.31,0.008301173
2.315,0.009625597
2.32,0.01106971
2.325,0.01291133
2.33,0.01604078
2.335,0.01899461
2.34,0.02003218
2.345,0.02020446
2.35,0.01963664
2.355,0.01819024
2.36,0.01646631
2.365,0.01421343
2.37,0.01178396
2.375,0.009527413
2.38,0.007963308
2.385,0.006792973
2.39,0.005827379
2.395,0.004982346
2.4,0.004121499
2.405,0.002958598
2.41,0.00168351
2.415,0.000435628
2.42,-0.001014171
2.425,-0.00260715
2.43,-0.004155678
2.435,-0.005285639
2.44,-0.005430832
2.445,-0.005143695
2.45,-0.004869083
2.455,-0.004958933
2.46,-0.004823097
2.465,-0.00386929
2.47,-0.002461055
2.475,-0.000989182
2.48,1.18E-05
2.485,0.000578656
2.49,0.000583423
2.495,0.000166505
2.5,-0.000511757
2.505,-0.000674995
2.51,-0.000507256
2.515,-0.00037215
2.52,-0.000562236
2.525,-0.001160979
2.53,-0.001630587
2.535,-0.001973406
2.54,-0.002318444
2.545,-0.002538962
2.55,-0.002687415
2.555,-0.003093115
2.56,-0.003755376
2.565,-0.004724388
2.57,-0.005644602
2.575,-0.006355029
2.58,-0.006696997
2.585,-0.006299954
2.59,-0.004365443
2.595,-0.002752596
2.6,-0.002119959
2.605,-0.002787031
2.61,-0.004175572
2.615,-0.005725396
2.62,-0.005838357
2.625,-0.004515354
2.63,-0.001991334
2.635,0.000521035
2.64,0.002428056
2.645,0.003279766
2.65,0.003229097
2.655,0.00260506
2.66,0.002058669
2.665,0.002287881
2.67,0.002870333
2.675,0.003474614
2.68,0.003802667
2.685,0.004138322
2.69,0.004853273
2.695,0.006033552
2.7,0.007365835
2.705,0.008166891
2.71,0.00838036
2.715,0.007493209
2.72,0.005016105
2.725,0.001750135
2.73,-0.000786933
2.735,-0.002207137
2.74,-0.002547493
2.745,-0.002393917
2.75,-0.002091362
2.755,-0.001979059
2.76,-0.002206858
2.765,-0.002738984
2.77,-0.003333162
2.775,-0.003747461
2.78,-0.003398554
2.785,-0.003070509
2.79,-0.003193927
2.795,-0.003558211
2.8,-0.004151653
2.805,-0.005830496
2.81,-0.008233871
2.815,-0.01092273
2.82,-0.01279028
2.825,-0.01363101
2.83,-0.01313916
2.835,-0.012343
2.84,-0.01173509
2.845,-0.01123637
2.85,-0.01089618
2.855,-0.01072034
2.86,-0.01041062
2.865,-0.009753973
2.87,-0.008181682
2.875,-0.005660801
2.88,-0.001827938
2.885,0.001796662
2.89,0.004570079
2.895,0.006701814
2.9,0.008707265
2.905,0.01115451
2.91,0.01344094
2.915,0.01526512
2.92,0.01631219
2.925,0.01668512
2.93,0.01629971
2.935,0.0157867
2.94,0.01524651
2.945,0.01477602
2.95,0.01440885
2.955,0.01392513
2.96,0.01316088
2.965,0.01162865
2.97,0.008940003
2.975,0.005766932
2.98,0.003582615
2.985,0.002238379
2.99,0.001523926
2.995,0.001190461
3,0.000764545
3.005,0.000130032
3.01,0.00014432
3.015,0.000758723
3.02,0.001572385
3.025,0.0022848
3.03,0.002590118
3.035,0.002870759
3.04,0.003248768
3.045,0.003714573
3.05,0.004374863
3.055,0.005401083
3.06,0.006272319
3.065,0.006502503
3.07,0.005037188
3.075,0.002419618
3.08,-0.001420568
3.085,-0.005514343
3.09,-0.009432162
3.095,-0.01342031
3.1,-0.01770086
3.105,-0.02184856
3.11,-0.02358383
3.115,-0.02474744
3.12,-0.02591841
3.125,-0.02617498
3.13,-0.02563335
3.135,-0.02379555
3.14,-0.02202973
3.145,-0.02090385
3.15,-0.02038814
3.155,-0.02029714
3.16,-0.02004369
3.165,-0.01902754
3.17,-0.01706825
3.175,-0.01472698
3.18,-0.01219883
3.185,-0.009363753
3.19,-0.006544417
3.195,-0.003897261
3.2,-0.001594603
3.205,0.000376208
3.21,0.001913417
3.215,0.002939428
3.22,0.003017292
3.225,0.002446659
3.23,0.001527427
3.235,-0.000118177
3.24,-0.001893475
3.245,-0.003211882
3.25,-0.004266282
3.255,-0.005322823
3.26,-0.006689182
3.265,-0.007903217
3.27,-0.008546648
3.275,-0.007983288
3.28,-0.006425702
3.285,-0.003558232
3.29,-0.000385585
3.295,0.002559407
3.3,0.004595834
3.305,0.005720006
3.31,0.006047054
3.315,0.006391591
3.32,0.007096434
3.325,0.008449703
3.33,0.01026459
3.335,0.01186052
3.34,0.01313558
3.345,0.01379251
3.35,0.01381233
3.355,0.01351092
3.36,0.01319849
3.365,0.013107
3.37,0.01339762
3.375,0.01332024
3.38,0.01255457
3.385,0.01023174
3.39,0.007675023
3.395,0.005406386
3.4,0.003144282
3.405,0.001362357
3.41,0.000943554
3.415,0.001694235
3.42,0.002895288
3.425,0.003883146
3.43,0.004791275
3.435,0.005804555
3.44,0.006689016
3.445,0.007301893
3.45,0.00735705
3.455,0.007009365
3.46,0.006026612
3.465,0.00425471
3.47,0.002031022
3.475,-0.000348242
3.48,-0.002407151
3.485,-0.003584053
3.49,-0.004002903
3.495,-0.00395462
3.5,-0.003317997
3.505,-0.002468814
3.51,-0.001486787
3.515,-0.000197558
3.52,0.001255936
3.525,0.002757433
3.53,0.004873157
3.535,0.007714344
3.54,0.00982738
3.545,0.01118647
3.55,0.01220761
3.555,0.01357246
3.56,0.01585768
3.565,0.01817931
3.57,0.02038349
3.575,0.02315604
3.58,0.02602703
3.585,0.02826885
3.59,0.03012333
3.595,0.03169353
3.6,0.03315794
3.605,0.03453749
3.61,0.03555047
3.615,0.03606112
3.62,0.03567021
3.625,0.03480922
3.63,0.03360783
3.635,0.03230248
3.64,0.03112387
3.645,0.02998437
3.65,0.02829494
3.655,0.02596016
3.66,0.02230839
3.665,0.01816069
3.67,0.0140103
3.675,0.009270337
3.68,0.004250666
3.685,-0.00058351
3.69,-0.004151022
3.695,-0.006692455
3.7,-0.008761323
3.705,-0.01075818
3.71,-0.01265865
3.715,-0.01415273
3.72,-0.01548387
3.725,-0.01724877
3.73,-0.0188832
3.735,-0.02011188
3.74,-0.02131649
3.745,-0.02263709
3.75,-0.02407569
3.755,-0.02518154
3.76,-0.02601645
3.765,-0.02687272
3.77,-0.02817742
3.775,-0.03047064
3.78,-0.03263171
3.785,-0.03415052
3.79,-0.03437567
3.795,-0.03402839
3.8,-0.03344296
3.805,-0.03302324
3.81,-0.03277424
3.815,-0.03261562
3.82,-0.0327913
3.825,-0.0334605
3.83,-0.03478708
3.835,-0.03612143
3.84,-0.0371027
3.845,-0.03814649
3.85,-0.0397298
3.855,-0.04338018
3.86,-0.04687778
3.865,-0.04935004
3.87,-0.05208598
3.875,-0.05463894
3.88,-0.05561211
3.885,-0.05370866
3.89,-0.05009043
3.895,-0.04647989
3.9,-0.04357927
3.905,-0.04225372
3.91,-0.0426889
3.915,-0.04398811
3.92,-0.04498016
3.925,-0.04498682
3.93,-0.04284005
3.935,-0.03989398
3.94,-0.03680398
3.945,-0.0326243
3.95,-0.02821538
3.955,-0.0245054
3.96,-0.02147072
3.965,-0.01932709
3.97,-0.01823875
3.975,-0.0178749
3.98,-0.01996944
3.985,-0.02270012
3.99,-0.02493997
3.995,-0.02613931
4,-0.02655417
4.005,-0.02617316
4.01,-0.02561205
4.015,-0.02529983
4.02,-0.02557747
4.025,-0.02567232
4.03,-0.02521401
4.035,-0.02460529
4.04,-0.02365923
4.045,-0.02131487
4.05,-0.01817591
4.055,-0.01376883
4.06,-0.009011124
4.065,-0.004404584
4.07,0.000800363
4.075,0.006121376
4.08,0.01097847
4.085,0.01544304
4.09,0.01924095
4.095,0.02246418
4.1,0.02515548
4.105,0.02739306
4.11,0.02946803
4.115,0.0319016
4.12,0.03554124
4.125,0.04218672
4.13,0.0500962
4.135,0.05811484
4.14,0.06693308
4.145,0.07596834
4.15,0.08309012
4.155,0.08974298
4.16,0.09939261
4.165,0.1093593
4.17,0.1166036
4.175,0.1226175
4.18,0.1240361
4.185,0.1240317
4.19,0.1227392
4.195,0.1205066
4.2,0.1182592
4.205,0.1155515
4.21,0.1125728
4.215,0.1095629
4.22,0.1069085
4.225,0.104578
4.23,0.1024359
4.235,0.1001078
4.24,0.09641329
4.245,0.09204267
4.25,0.08640345
4.255,0.07860654
4.26,0.0682258
4.265,0.05427186
4.27,0.04046354
4.275,0.02771852
4.28,0.01648857
4.285,0.009579648
4.29,0.004824064
4.295,0.001223171
4.3,-0.002612292
4.305,-0.007710868
4.31,-0.014371
4.315,-0.0201576
4.32,-0.02401279
4.325,-0.02910659
4.33,-0.03503542
4.335,-0.04091521
4.34,-0.0523447
4.345,-0.06651236
4.35,-0.07590151
4.355,-0.08165566
4.36,-0.0867198
4.365,-0.08973417
4.37,-0.09169068
4.375,-0.09308711
4.38,-0.09095396
4.385,-0.08777758
4.39,-0.08416462
4.395,-0.07985189
4.4,-0.07509373
4.405,-0.06928481
4.41,-0.06411747
4.415,-0.06455582
4.42,-0.06973599
4.425,-0.07647979
4.43,-0.07412565
4.435,-0.06868164
4.44,-0.06180454
4.445,-0.05204862
4.45,-0.04424254
4.455,-0.04616442
4.46,-0.06524471
4.465,-0.08856096
4.47,-0.1011151
4.475,-0.09821864
4.48,-0.08457139
4.485,-0.0653416
4.49,-0.03761466
4.495,-0.01353103
4.5,-0.0135942
4.505,-0.02975801
4.51,-0.03890639
4.515,-0.02679121
4.52,0.002603999
4.525,0.03526274
4.53,0.04745417
4.535,0.0538704
4.54,0.06445325
4.545,0.06734527
4.55,0.05632493
4.555,0.04578033
4.56,0.06274636
4.565,0.08750068
4.57,0.09195064
4.575,0.07583871
4.58,0.06493351
4.585,0.07213142
4.59,0.07950004
4.595,0.07915708
4.6,0.07671851
4.605,0.07506513
4.61,0.07314931
4.615,0.07072944
4.62,0.06812693
4.625,0.06431364
4.63,0.05711417
4.635,0.04520863
4.64,0.03300936
4.645,0.02613255
4.65,0.02315836
4.655,0.02300443
4.66,0.02196266
4.665,0.01470102
4.67,0.00577774
4.675,0.00166346
4.68,0.000794078
4.685,0.002512352
4.69,0.005546241
4.695,0.008543776
4.7,0.01143765
4.705,0.01363651
4.71,0.01360135
4.715,0.0104916
4.72,0.006325838
4.725,0.006947545
4.73,0.01210284
4.735,0.01386382
4.74,0.008909682
4.745,-0.000314761
4.75,-0.007123846
4.755,-0.01246315
4.76,-0.01810158
4.765,-0.02291864
4.77,-0.02640906
4.775,-0.02716812
4.78,-0.02691336
4.785,-0.02522711
4.79,-0.02224823
4.795,-0.01928028
4.8,-0.0199251
4.805,-0.02613244
4.81,-0.03164096
4.815,-0.03350313
4.82,-0.03298467
4.825,-0.03092824
4.83,-0.0275887
4.835,-0.02507493
4.84,-0.02613909
4.845,-0.03413229
4.85,-0.04785296
4.855,-0.05874306
4.86,-0.06082069
4.865,-0.05752694
4.87,-0.05291105
4.875,-0.05026391
4.88,-0.05012294
4.885,-0.05512327
4.89,-0.0597336
4.895,-0.06087329
4.9,-0.05808522
4.905,-0.05357996
4.91,-0.0462348
4.915,-0.0388058
4.92,-0.03323749
4.925,-0.0256357
4.93,-0.01525547
4.935,-0.005260378
4.94,0.003722598
4.945,0.01194038
4.95,0.0187441
4.955,0.02058046
4.96,0.02094202
4.965,0.01856007
4.97,0.01622629
4.975,0.01647659
4.98,0.01886246
4.985,0.02143291
4.99,0.02227654
4.995,0.02339141
5,0.02559747
5.005,0.02754721
5.01,0.02927732
5.015,0.03216322
5.02,0.03673195
5.025,0.04423059
5.03,0.05119972
5.035,0.05517991
5.04,0.05556282
5.045,0.05497156
5.05,0.05375234
5.055,0.05209464
5.06,0.05078055
5.065,0.05077787
5.07,0.05075016
5.075,0.04950779
5.08,0.04584734
5.085,0.04051773
5.09,0.03534729
5.095,0.03166868
5.1,0.02995785
5.105,0.02979954
5.11,0.030255
5.115,0.03191498
5.12,0.03212818
5.125,0.02997096
5.13,0.0290277
5.135,0.02959624
5.14,0.03140616
5.145,0.03274556
5.15,0.03245489
5.155,0.03160893
5.16,0.03036257
5.165,0.02747432
5.17,0.02326621
5.175,0.01745412
5.18,0.0112275
5.185,0.005402692
5.19,0.000112427
5.195,-0.005448929
5.2,-0.01119584
5.205,-0.01754785
5.21,-0.02628934
5.215,-0.03178942
5.22,-0.03470622
5.225,-0.03842437
5.23,-0.04180939
5.235,-0.04304551
5.24,-0.04287515
5.245,-0.04185655
5.25,-0.04152621
5.255,-0.04255209
5.26,-0.04474975
5.265,-0.04753396
5.27,-0.04966814
5.275,-0.05199825
5.28,-0.05534474
5.285,-0.06007301
5.29,-0.06366607
5.295,-0.06480273
5.3,-0.065494
5.305,-0.06548499
5.31,-0.06144389
5.315,-0.05678889
5.32,-0.05335602
5.325,-0.05124437
5.33,-0.05048452
5.335,-0.05182885
5.34,-0.05280021
5.345,-0.04627794
5.35,-0.03098957
5.355,-0.01954936
5.36,-0.01621026
5.365,-0.01666048
5.37,-0.02245642
5.375,-0.0319517
5.38,-0.03269328
5.385,-0.02286754
5.39,-0.01272789
5.395,2.97E-05
5.4,0.008755615
5.405,0.008137618
5.41,0.006841517
5.415,0.003223136
5.42,0.001833411
5.425,0.008392337
5.43,0.01732578
5.435,0.02768165
5.44,0.03887264
5.445,0.04636734
5.45,0.04783644
5.455,0.04701951
5.46,0.0446483
5.465,0.04218308
5.47,0.04591018
5.475,0.05201182
5.48,0.05342904
5.485,0.05196063
5.49,0.0490204
5.495,0.04537994
5.5,0.042065
5.505,0.03916598
5.51,0.03680534
5.515,0.03623169
5.52,0.03567265
5.525,0.03388952
5.53,0.03104051
5.535,0.02758035
5.54,0.02406319
5.545,0.0205036
5.55,0.01669141
5.555,0.01215835
5.56,0.008220005
5.565,0.006209648
5.57,0.0034701
5.575,-0.001220974
5.58,-0.007606525
5.585,-0.01368132
5.59,-0.01910202
5.595,-0.02440642
5.6,-0.02901257
5.605,-0.03205271
5.61,-0.03466388
5.615,-0.03752029
5.62,-0.04087488
5.625,-0.0429677
5.63,-0.04332317
5.635,-0.04435632
5.64,-0.04645408
5.645,-0.04946102
5.65,-0.05159054
5.655,-0.05260298
5.66,-0.0523119
5.665,-0.05221833
5.67,-0.0541697
5.675,-0.05720586
5.68,-0.06021749
5.685,-0.06143085
5.69,-0.06000293
5.695,-0.0556599
5.7,-0.0501195
5.705,-0.04459055
5.71,-0.04088608
5.715,-0.03805742
5.72,-0.03500629
5.725,-0.03115681
5.73,-0.02607223
5.735,-0.02001498
5.74,-0.01346953
5.745,-0.007140423
5.75,-0.000981854
5.755,0.005137371
5.76,0.0121887
5.765,0.02149248
5.77,0.02907982
5.775,0.03347052
5.78,0.03624737
5.785,0.03683674
5.79,0.03596396
5.795,0.03504142
5.8,0.03453874
5.805,0.03486562
5.81,0.03629661
5.815,0.03778791
5.82,0.03906222
5.825,0.04019068
5.83,0.04107065
5.835,0.04137716
5.84,0.04164971
5.845,0.04207365
5.85,0.04263057
5.855,0.04273934
5.86,0.04020896
5.865,0.0377343
5.87,0.03650372
5.875,0.03578635
5.88,0.03448986
5.885,0.02968862
5.89,0.02461299
5.895,0.02078217
5.9,0.01785656
5.905,0.0151121
5.91,0.01208171
5.915,0.009001174
5.92,0.005964912
5.925,0.003272017
5.93,0.001353037
5.935,0.000406415
5.94,-1.13E-05
5.945,-0.000300432
5.95,-0.001119017
5.955,-0.001705468
5.96,-0.001633771
5.965,-0.000876299
5.97,-1.04E-05
5.975,-0.000922308
5.98,-0.002553161
5.985,-0.005076679
5.99,-0.008467487
5.995,-0.01260647
6,-0.01919127
6.005,-0.02563477
6.01,-0.03081321
6.015,-0.03448484
6.02,-0.03719651
6.025,-0.03873196
6.03,-0.03855766
6.035,-0.03792631
6.04,-0.03729961
6.045,-0.03706544
6.05,-0.0373672
6.055,-0.03728406
6.06,-0.03685138
6.065,-0.03596285
6.07,-0.03465978
6.075,-0.03294221
6.08,-0.03083948
6.085,-0.02857618
6.09,-0.02639355
6.095,-0.02398295
6.1,-0.02078657
6.105,-0.01737444
6.11,-0.01388443
6.115,-0.009559214
6.12,-0.004892161
6.125,3.90E-05
6.13,0.004373771
6.135,0.007142656
6.14,0.01001487
6.145,0.01366217
6.15,0.01811953
6.155,0.02290042
6.16,0.02843292
6.165,0.03357513
6.17,0.03726075
6.175,0.04072343
6.18,0.04391965
6.185,0.04603532
6.19,0.04749214
6.195,0.0490685
6.2,0.05051737
6.205,0.05091031
6.21,0.05011525
6.215,0.04813062
6.22,0.0457267
6.225,0.04344485
6.23,0.04221813
6.235,0.0419461
6.24,0.04232482
6.245,0.04215914
6.25,0.04105921
6.255,0.03815601
6.26,0.03494247
6.265,0.03194862
6.27,0.02942255
6.275,0.0275152
6.28,0.02608323
6.285,0.02384898
6.29,0.02048127
6.295,0.01760816
6.3,0.01521323
6.305,0.01313581
6.31,0.01085939
6.315,0.008023963
6.32,0.004116246
6.325,0.000866404
6.33,0.000257596
6.335,0.000187941
6.34,-8.95E-05
6.345,-0.000945311
6.35,-0.001705169
6.355,-0.001447982
6.36,-0.001195237
6.365,-0.001347533
6.37,-0.002134496
6.375,-0.003105818
6.38,-0.004119844
6.385,-0.005736274
6.39,-0.008396931
6.395,-0.01260925
6.4,-0.0166227
6.405,-0.01901275
6.41,-0.02216101
6.415,-0.02617466
6.42,-0.02939632
6.425,-0.03233412
6.43,-0.03524692
6.435,-0.03688894
6.44,-0.03793127
6.445,-0.03907428
6.45,-0.04010162
6.455,-0.04090911
6.46,-0.04151804
6.465,-0.04203869
6.47,-0.04245395
6.475,-0.04278495
6.48,-0.04300153
6.485,-0.04277033
6.49,-0.04208521
6.495,-0.04080474
6.5,-0.03968615
6.505,-0.03891536
6.51,-0.03841885
6.515,-0.03801893
6.52,-0.03755227
6.525,-0.0368761
6.53,-0.03579885
6.535,-0.03401136
6.54,-0.03209275
6.545,-0.03066279
6.55,-0.02942454
6.555,-0.02824375
6.56,-0.02692967
6.565,-0.02543452
6.57,-0.02356072
6.575,-0.02111841
6.58,-0.01801841
6.585,-0.01479369
6.59,-0.01152516
6.595,-0.007697475
6.6,-0.003213766
6.605,0.002380016
6.61,0.008254361
6.615,0.0140335
6.62,0.01925978
6.625,0.0236418
6.63,0.02619057
6.635,0.02787528
6.64,0.02886937
6.645,0.0293163
6.65,0.02904062
6.655,0.02860318
6.66,0.02832792
6.665,0.02817606
6.67,0.02808135
6.675,0.02803343
6.68,0.02820082
6.685,0.02869774
6.69,0.02955536
6.695,0.03063143
6.7,0.03259093
6.705,0.03509129
6.71,0.0379165
6.715,0.04082982
6.72,0.04363607
6.725,0.04618381
6.73,0.04837133
6.735,0.04927872
6.74,0.04986784
6.745,0.05052557
6.75,0.05089958
6.755,0.05073739
6.76,0.04863651
6.765,0.04573042
6.77,0.04182403
6.775,0.03771632
6.78,0.03388409
6.785,0.02982288
6.79,0.02570937
6.795,0.02173015
6.8,0.01810142
6.805,0.01435275
6.81,0.009993172
6.815,0.005806256
6.82,0.002187537
6.825,-0.000279364
6.83,-0.002764912
6.835,-0.005714434
6.84,-0.008593082
6.845,-0.01107125
6.85,-0.0128149
6.855,-0.014371
6.86,-0.01594453
6.865,-0.01781583
6.87,-0.0198937
6.875,-0.02213429
6.88,-0.0246781
6.885,-0.02706202
6.89,-0.02763189
6.895,-0.02734829
6.9,-0.02680309
6.905,-0.02651018
6.91,-0.02653212
6.915,-0.02637317
6.92,-0.02543811
6.925,-0.02343305
6.93,-0.02062113
6.935,-0.01730116
6.94,-0.01356495
6.945,-0.01024933
6.95,-0.008448206
6.955,-0.007847065
6.96,-0.008400066
6.965,-0.009289463
6.97,-0.009847888
6.975,-0.00923171
6.98,-0.008361781
6.985,-0.00790944
6.99,-0.008933821
6.995,-0.01140563
7,-0.01519056
7.005,-0.0175329
7.01,-0.01670957
7.015,-0.0111257
7.02,-0.004479502
7.025,-6.39E-05
7.03,0.002817257
7.035,0.002682958
7.04,0.002282272
7.045,0.003447212
7.05,0.008721742
7.055,0.01617033
7.06,0.02437825
7.065,0.0296448
7.07,0.03053344
7.075,0.03048717
7.08,0.02995369
7.085,0.03059514
7.09,0.03215759
7.095,0.0343951
7.1,0.0359221
7.105,0.03570668
7.11,0.03316527
7.115,0.02830558
7.12,0.02007234
7.125,0.01456378
7.13,0.01244491
7.135,0.01133305
7.14,0.01015762
7.145,0.008004486
7.15,0.005179261
7.155,0.002044506
7.16,-0.001343814
7.165,-0.005603088
7.17,-0.01138963
7.175,-0.01917438
7.18,-0.02540636
7.185,-0.02830117
7.19,-0.03000281
7.195,-0.03193461
7.2,-0.03444917
7.205,-0.03682301
7.21,-0.03850608
7.215,-0.03795531
7.22,-0.03631176
7.225,-0.03449236
7.23,-0.03287805
7.235,-0.03195933
7.24,-0.03246983
7.245,-0.03431539
7.25,-0.03786424
7.255,-0.04066948
7.26,-0.04211659
7.265,-0.04230089
7.27,-0.04209895
7.275,-0.04150986
7.28,-0.03939272
7.285,-0.03644618
7.29,-0.03417099
7.295,-0.03098972
7.3,-0.02479665
7.305,-0.01819335
7.31,-0.01232818
7.315,-0.007582969
7.32,-0.004025415
7.325,-0.002282327
7.33,-0.001504166
7.335,-0.000953778
7.34,0.001202445
7.345,0.004627615
7.35,0.00799368
7.355,0.01104222
7.36,0.0127156
7.365,0.01324099
7.37,0.01281773
7.375,0.01180779
7.38,0.01125784
7.385,0.01441239
7.39,0.01945841
7.395,0.02482937
7.4,0.02716775
7.405,0.02649308
7.41,0.02323607
7.415,0.01987626
7.42,0.01942514
7.425,0.02231167
7.43,0.02674372
7.435,0.02996423
7.44,0.03239251
7.445,0.03334993
7.45,0.03357353
7.455,0.03300277
7.46,0.03199607
7.465,0.03118645
7.47,0.03142578
7.475,0.03148967
7.48,0.03032678
7.485,0.02790117
7.49,0.02484594
7.495,0.02214074
7.5,0.01903447
7.505,0.01506713
7.51,0.01089025
7.515,0.007034289
7.52,0.003969412
7.525,0.002489681
7.53,0.001969004
7.535,0.00097742
7.54,-0.000735461
7.545,-0.003312758
7.55,-0.004659791
7.555,-0.004607533
7.56,-0.003551451
7.565,-0.003332345
7.57,-0.005435452
7.575,-0.007782388
7.58,-0.009544651
7.585,-0.0102559
7.59,-0.01158462
7.595,-0.01395112
7.6,-0.0154685
7.605,-0.01642114
7.61,-0.01718708
7.615,-0.0181696
7.62,-0.0194338
7.625,-0.02029741
7.63,-0.02056309
7.635,-0.0199515
7.64,-0.01927944
7.645,-0.01877853
7.65,-0.01777449
7.655,-0.0157252
7.66,-0.01367945
7.665,-0.01192024
7.67,-0.009975733
7.675,-0.006955554
7.68,-0.002783103
7.685,0.000543477
7.69,0.003124753
7.695,0.004823084
7.7,0.006986775
7.705,0.01066114
7.71,0.01323531
7.715,0.01451196
7.72,0.01547891
7.725,0.01621941
7.73,0.0162383
7.735,0.01651776
7.74,0.01759174
7.745,0.01913906
7.75,0.02068787
7.755,0.02193022
7.76,0.0233941
7.765,0.02549967
7.77,0.02757284
7.775,0.02953564
7.78,0.03206306
7.785,0.0344129
7.79,0.03563024
7.795,0.03621376
7.8,0.03626343
7.805,0.03597394
7.81,0.03547902
7.815,0.03443045
7.82,0.03331494
7.825,0.03229882
7.83,0.03121871
7.835,0.03000301
7.84,0.02827122
7.845,0.02631054
7.85,0.02420046
7.855,0.02161315
7.86,0.0188786
7.865,0.01687737
7.87,0.0148593
7.875,0.01233194
7.88,0.009352002
7.885,0.006491021
7.89,0.00422451
7.895,0.002099578
7.9,1.74E-05
7.905,-0.001754172
7.91,-0.003401918
7.915,-0.004966215
7.92,-0.006216067
7.925,-0.007258102
7.93,-0.008318977
7.935,-0.009468967
7.94,-0.0107132
7.945,-0.01216699
7.95,-0.01368012
7.955,-0.01485041
7.96,-0.0163161
7.965,-0.01828157
7.97,-0.01970966
7.975,-0.0211711
7.98,-0.02358871
7.985,-0.02592676
7.99,-0.02774655
7.995,-0.02883203
8,-0.02966769
8.005,-0.03087456
8.01,-0.03356208
8.015,-0.03696617
8.02,-0.03853554
8.025,-0.03955373
8.03,-0.04060304
8.035,-0.04049875
8.04,-0.0398557
8.045,-0.03925743
8.05,-0.03853351
8.055,-0.0376782
8.06,-0.03711911
8.065,-0.03672454
8.07,-0.03633739
8.075,-0.03599535
8.08,-0.03567293
8.085,-0.0352344
8.09,-0.03472357
8.095,-0.03409463
8.1,-0.03321275
8.105,-0.03202087
8.11,-0.03073455
8.115,-0.02934852
8.12,-0.02722261
8.125,-0.02511796
8.13,-0.02335508
8.135,-0.02142669
8.14,-0.01941372
8.145,-0.01773492
8.15,-0.01604574
8.155,-0.01408626
8.16,-0.01241258
8.165,-0.01090784
8.17,-0.008678375
8.175,-0.006235304
8.18,-0.004017002
8.185,-0.001234984
8.19,0.00230925
8.195,0.005539571
8.2,0.00843636
8.205,0.01122216
8.21,0.01396857
8.215,0.01674058
8.22,0.01960619
8.225,0.02257338
8.23,0.02517273
8.235,0.02751008
8.24,0.03012322
8.245,0.03284708
8.25,0.03557077
8.255,0.03757647
8.26,0.03850873
8.265,0.03891776
8.27,0.03901806
8.275,0.03865919
8.28,0.03804889
8.285,0.03722569
8.29,0.03628521
8.295,0.03528703
8.3,0.03410346
8.305,0.03277856
8.31,0.03128807
8.315,0.0298161
8.32,0.02840512
8.325,0.02693156
8.33,0.02539093
8.335,0.02367356
8.34,0.02170763
8.345,0.01948173
8.35,0.01655509
8.355,0.01346978
8.36,0.01043069
8.365,0.007387105
8.37,0.004263199
8.375,0.000491539
8.38,-0.002718645
8.385,-0.004981976
8.39,-0.007650674
8.395,-0.01076989
8.4,-0.01407288
8.405,-0.01706413
8.41,-0.01970609
8.415,-0.02196089
8.42,-0.02395566
8.425,-0.02557986
8.43,-0.02627435
8.435,-0.0266826
8.44,-0.02730083
8.445,-0.02821054
8.45,-0.02936968
8.455,-0.03001228
8.46,-0.03037105
8.465,-0.03080888
8.47,-0.03110488
8.475,-0.03136326
8.48,-0.03220888
8.485,-0.03361757
8.49,-0.03556196
8.495,-0.0365125
8.5,-0.03659393
8.505,-0.03707865
8.51,-0.03803164
8.515,-0.0390911
8.52,-0.03924011
8.525,-0.03885453
8.53,-0.03764182
8.535,-0.03618494
8.54,-0.03475158
8.545,-0.03298131
8.55,-0.03099355
8.555,-0.02895955
8.56,-0.02707086
8.565,-0.02546396
8.57,-0.02393033
8.575,-0.0223979
8.58,-0.020933
8.585,-0.01910437
8.59,-0.01626913
8.595,-0.0132367
8.6,-0.01042317
8.605,-0.007949402
8.61,-0.005625167
8.615,-0.003271275
8.62,-0.000715613
8.625,0.002026521
8.63,0.004057963
8.635,0.005547075
8.64,0.007269014
8.645,0.009049817
8.65,0.01065205
8.655,0.01211197
8.66,0.01347415
8.665,0.0149014
8.67,0.01647988
8.675,0.01872749
8.68,0.02078244
8.685,0.02230406
8.69,0.02396992
8.695,0.02576183
8.7,0.02740829
8.705,0.02885758
8.71,0.02997622
8.715,0.03098258
8.72,0.03180837
8.725,0.03182108
8.73,0.03152497
8.735,0.03122143
8.74,0.03099972
8.745,0.03078235
8.75,0.02985246
8.755,0.02856481
8.76,0.02690586
8.765,0.02500284
8.77,0.02293797
8.775,0.02070843
8.78,0.01856126
8.785,0.01668803
8.79,0.01519133
8.795,0.01401134
8.8,0.01233846
8.805,0.01067556
8.81,0.0098228
8.815,0.009139441
8.82,0.008476559
8.825,0.008120724
8.83,0.007941442
8.835,0.007898849
8.84,0.00818307
8.845,0.008786009
8.85,0.00901333
8.855,0.009091074
8.86,0.009382324
8.865,0.009370637
8.87,0.008706726
8.875,0.007061909
8.88,0.005498328
8.885,0.004896425
8.89,0.004065034
8.895,0.002508835
8.9,0.000175592
8.905,-0.002072645
8.91,-0.003449911
8.915,-0.004550384
8.92,-0.00560165
8.925,-0.006366919
8.93,-0.007028146
8.935,-0.007554003
8.94,-0.007479607
8.945,-0.006914371
8.95,-0.005933039
8.955,-0.004961439
8.96,-0.00399918
8.965,-0.002325624
8.97,-0.000179881
8.975,0.001897598
8.98,0.003722969
8.985,0.004371784
8.99,0.004564989
8.995,0.004985371
9,0.005364575
9.005,0.005641121
9.01,0.005933972
9.015,0.006241975
9.02,0.006531962
9.025,0.006767322
9.03,0.006690308
9.035,0.006346383
9.04,0.005775694
9.045,0.005263049
9.05,0.005103106
9.055,0.005079361
9.06,0.004907478
9.065,0.003865203
9.07,0.00234439
9.075,0.000629958
9.08,-0.000872819
9.085,-0.002084221
9.09,-0.002981328
9.095,-0.003746357
9.1,-0.004535138
9.105,-0.00529085
9.11,-0.006008141
9.115,-0.006701493
9.12,-0.007373734
9.125,-0.007965485
9.13,-0.008500967
9.135,-0.008988315
9.14,-0.009444741
9.145,-0.009893563
9.15,-0.01038581
9.155,-0.01089203
9.16,-0.01132219
9.165,-0.01137413
9.17,-0.0111599
9.175,-0.01100361
9.18,-0.01067524
9.185,-0.009840705
9.19,-0.009148291
9.195,-0.008740508
9.2,-0.008457633
9.205,-0.008133468
9.21,-0.007609842
9.215,-0.007049362
9.22,-0.006504032
9.225,-0.006041431
9.23,-0.005675565
9.235,-0.005428096
9.24,-0.005084074
9.245,-0.004590113
9.25,-0.004235483
9.255,-0.00391214
9.26,-0.003224939
9.265,-0.002121462
9.27,-0.000684871
9.275,0.000284636
9.28,0.000895703
9.285,0.0018928
9.29,0.003172639
9.295,0.004883129
9.3,0.006716719
9.305,0.008583292
9.31,0.01100063
9.315,0.01324353
9.32,0.01444853
9.325,0.0155565
9.33,0.01681225
9.335,0.01773382
9.34,0.01849941
9.345,0.01927058
9.35,0.02002892
9.355,0.02072297
9.36,0.0211762
9.365,0.02135775
9.37,0.02099869
9.375,0.02028705
9.38,0.01928597
9.385,0.01832839
9.39,0.01746932
9.395,0.01644568
9.4,0.01526049
9.405,0.01378295
9.41,0.01194575
9.415,0.009989438
9.42,0.008405122
9.425,0.00688022
9.43,0.005199976
9.435,0.003553299
9.44,0.001904498
9.445,-1.41E-05
9.45,-0.00161125
9.455,-0.002646313
9.46,-0.003679833
9.465,-0.004713666
9.47,-0.005340622
9.475,-0.005984336
9.48,-0.006747129
9.485,-0.006993748
9.49,-0.006973352
9.495,-0.006835072
9.5,-0.00668736
9.505,-0.006591933
9.51,-0.006478839
9.515,-0.006386159
9.52,-0.006464826
9.525,-0.006577118
9.53,-0.006681629
9.535,-0.00695661
9.54,-0.007354417
9.545,-0.007766224
9.55,-0.008132561
9.555,-0.008472224
9.56,-0.008922029
9.565,-0.009398045
9.57,-0.009556997
9.575,-0.009552783
9.58,-0.009486306
9.585,-0.009485801
9.59,-0.009501702
9.595,-0.009219001
9.6,-0.0088289
9.605,-0.008440176
9.61,-0.008094827
9.615,-0.007777055
9.62,-0.007370295
9.625,-0.006894312
9.63,-0.006308506
9.635,-0.005773198
9.64,-0.005347453
9.645,-0.005102658
9.65,-0.004848104
9.655,-0.00442046
9.66,-0.004244834
9.665,-0.004266977
9.67,-0.004015113
9.675,-0.003699569
9.68,-0.003542472
9.685,-0.003141327
9.69,-0.002402952
9.695,-0.00188969
9.7,-0.001531937
9.705,-0.001141501
9.71,-0.000862416
9.715,-0.000823012
9.72,-0.001139552
9.725,-0.001580667
9.73,-0.002053928
9.735,-0.002712557
9.74,-0.003516965
9.745,-0.003933624
9.75,-0.004069964
9.755,-0.004095622
9.76,-0.004284972
9.765,-0.004788487
9.77,-0.005572278
9.775,-0.006579864
9.78,-0.007918722
9.785,-0.009006546
9.79,-0.009460838
9.795,-0.009448946
9.8,-0.009322028
9.805,-0.008977782
9.81,-0.008062444
9.815,-0.006888037
9.82,-0.006132636
9.825,-0.005427207
9.83,-0.00449445
9.835,-0.003518665
9.84,-0.002607088
9.845,-0.00203425
9.85,-0.001563407
9.855,-0.001009141
9.86,-0.000658459
9.865,-0.000639775
9.87,-0.000824278
9.875,-0.001058539
9.88,-0.001317132
9.885,-0.001478875
9.89,-0.001458753
9.895,-0.001307161
9.9,-0.001107374
9.905,-0.000852619
9.91,-0.000698438
9.915,-0.000626232
9.92,-0.000202173
9.925,0.000512752
9.93,0.001990875
9.935,0.003701712
9.94,0.005396875
9.945,0.007258088
9.95,0.009097239
9.955,0.01038948
9.96,0.01162957
9.965,0.01306861
9.97,0.01413839
9.975,0.01489859
9.98,0.01566803
9.985,0.01619739
9.99,0.01608227
9.995,0.01610921
10,0.01641604
10.005,0.01606098
10.01,0.01561829
10.015,0.0158526
10.02,0.01613578
10.025,0.01625568
10.03,0.01634348
10.035,0.01645559
10.04,0.01671106
10.045,0.01695679
10.05,0.01719046
10.055,0.01776746
10.06,0.01854084
10.065,0.0190072
10.07,0.01928756
10.075,0.01949747
10.08,0.01969763
10.085,0.01987198
10.09,0.01986166
10.095,0.01983248
10.1,0.01979759
10.105,0.01946827
10.11,0.01883318
10.115,0.0177217
10.12,0.01666324
10.125,0.01578183
10.13,0.01450306
10.135,0.0129699
10.14,0.01165844
10.145,0.01041524
10.15,0.009137452
10.155,0.008082999
10.16,0.007193109
10.165,0.006251192
10.17,0.005457825
10.175,0.004976238
10.18,0.004800098
10.185,0.004675897
10.19,0.004418935
10.195,0.004178029
10.2,0.003931339
10.205,0.003347885
10.21,0.002670148
10.215,0.002197877
10.22,0.001832271
10.225,0.001480086
10.23,0.000938522
10.235,0.000196521
10.24,-0.001263455
10.245,-0.003251383
10.25,-0.005431367
10.255,-0.006577733
10.26,-0.007388593
10.265,-0.008765609
10.27,-0.01011376
10.275,-0.01115573
10.28,-0.01159618
10.285,-0.01191389
10.29,-0.0124886
10.295,-0.01292343
10.3,-0.01322592
10.305,-0.01383885
10.31,-0.0145193
10.315,-0.01504265
10.32,-0.0158018
10.325,-0.01676305
10.33,-0.01757669
10.335,-0.01833586
10.34,-0.01912024
10.345,-0.01977333
10.35,-0.02030283
10.355,-0.02077035
10.36,-0.02111315
10.365,-0.02129169
10.37,-0.02147618
10.375,-0.02162098
10.38,-0.02137876
10.385,-0.02126257
10.39,-0.02149016
10.395,-0.02171082
10.4,-0.02187551
10.405,-0.02203342
10.41,-0.02240691
10.415,-0.02301636
10.42,-0.02338479
10.425,-0.02358447
10.43,-0.0236611
10.435,-0.02360388
10.44,-0.02339315
10.445,-0.02302294
10.45,-0.02261777
10.455,-0.02218707
10.46,-0.02166723
10.465,-0.02105237
10.47,-0.02050457
10.475,-0.01992902
10.48,-0.0188836
10.485,-0.01761538
10.49,-0.0162063
10.495,-0.01459711
10.5,-0.0128851
10.505,-0.01078035
10.51,-0.008640772
10.515,-0.006621412
10.52,-0.004515456
10.525,-0.002395083
10.53,-0.000528556
10.535,0.001508696
10.54,0.004100882
10.545,0.006190874
10.55,0.007719261
10.555,0.009185158
10.56,0.01079239
10.565,0.01259668
10.57,0.01404025
10.575,0.01513495
10.58,0.0160958
10.585,0.01698121
10.59,0.01775215
10.595,0.01818744
10.6,0.01844876
10.605,0.01902163
10.61,0.01978977
10.615,0.02065673
10.62,0.02143785
10.625,0.02212513
10.63,0.02287422
10.635,0.02354413
10.64,0.02392127
10.645,0.02411603
10.65,0.02422227
10.655,0.02414577
10.66,0.02389589
10.665,0.02339346
10.67,0.02281117
10.675,0.02220686
10.68,0.02140962
10.685,0.02059332
10.69,0.01987793
10.695,0.01889766
10.7,0.01762826
10.705,0.01606576
10.71,0.01456742
10.715,0.01320681
10.72,0.01164442
10.725,0.01001872
10.73,0.008775204
10.735,0.007405897
10.74,0.005639694
10.745,0.00372967
10.75,0.001929015
10.755,0.000320984
10.76,-0.001533717
10.765,-0.003722932
10.77,-0.005730378
10.775,-0.007445661
10.78,-0.008811852
10.785,-0.009945533
10.79,-0.01099515
10.795,-0.01210834
10.8,-0.01316319
10.805,-0.01404302
10.81,-0.01466257
10.815,-0.01515532
10.82,-0.01541376
10.825,-0.01541502
10.83,-0.01509788
10.835,-0.014276
10.84,-0.0132051
10.845,-0.01189705
10.85,-0.01029453
10.855,-0.008461922
10.86,-0.007038262
10.865,-0.005825208
10.87,-0.004457576
10.875,-0.003162298
10.88,-0.002048942
10.885,-0.001069948
10.89,-0.000168257
10.895,0.000513374
10.9,0.001309596
10.905,0.002305378
10.91,0.00297263
10.915,0.003437346
10.92,0.003770701
10.925,0.003938498
10.93,0.003918349
10.935,0.003754191
10.94,0.003542286
10.945,0.003265572
10.95,0.002943395
10.955,0.00259904
10.96,0.002305229
10.965,0.002076298
10.97,0.001915265
10.975,0.001673639
10.98,0.001339442
10.985,0.000925275
10.99,0.000524768
10.995,0.00023971
11,4.08E-05
11.005,-0.000157414
11.01,-0.000537224
11.015,-0.001105563
11.02,-0.002049854
11.025,-0.003099912
11.03,-0.004038114
11.035,-0.004670903
11.04,-0.005393717
11.045,-0.006350059
11.05,-0.007247056
11.055,-0.008047459
11.06,-0.008703368
11.065,-0.009349805
11.07,-0.01009555
11.075,-0.01116314
11.08,-0.01223146
11.085,-0.01298188
11.09,-0.01376865
11.095,-0.01466945
11.1,-0.01541271
11.105,-0.01585506
11.11,-0.01579364
11.115,-0.01574093
11.12,-0.01579906
11.125,-0.01564595
11.13,-0.01543632
11.135,-0.01527619
11.14,-0.01471585
11.145,-0.01389367
11.15,-0.01343546
11.155,-0.01303319
11.16,-0.01248139
11.165,-0.01215047
11.17,-0.01193029
11.175,-0.01126073
11.18,-0.01028404
11.185,-0.008817863
11.19,-0.007035654
11.195,-0.005317812
11.2,-0.004263959
11.205,-0.00329653
11.21,-0.002166443
11.215,-0.001311647
11.22,-0.00066859
11.225,-6.06E-05
11.23,0.000635139
11.235,0.001582758
11.24,0.002661145
11.245,0.003769476
11.25,0.0049587
11.255,0.006106074
11.26,0.007060478
11.265,0.007847863
11.27,0.00857069
11.275,0.009350689
11.28,0.01012421
11.285,0.01079153
11.29,0.01132277
11.295,0.01176546
11.3,0.01217793
11.305,0.01261513
11.31,0.01313424
11.315,0.01355665
11.32,0.01378715
11.325,0.01379274
11.33,0.01363334
11.335,0.01323049
11.34,0.01282438
11.345,0.01238996
11.35,0.01135098
11.355,0.01037609
11.36,0.01019179
11.365,0.009785364
11.37,0.008987701
11.375,0.008246093
11.38,0.007621974
11.385,0.007162721
11.39,0.006857544
11.395,0.00663849
11.4,0.006424623
11.405,0.006207271
11.41,0.006004896
11.415,0.005882676
11.42,0.005773782
11.425,0.005414279
11.43,0.005217001
11.435,0.005547159
11.44,0.005777501
11.445,0.005749696
11.45,0.005483537
11.455,0.005232305
11.46,0.005031206
11.465,0.00454835
11.47,0.003888688
11.475,0.003351299
11.48,0.002897778
11.485,0.002466427
11.49,0.002060389
11.495,0.001674322
11.5,0.001292828
11.505,0.000862561
11.51,0.00038105
11.515,-3.60E-06
11.52,-0.000398441
11.525,-0.001172092
11.53,-0.002003958
11.535,-0.002738891
11.54,-0.003401901
11.545,-0.004092013
11.55,-0.0049221
11.555,-0.005783153
11.56,-0.006656878
11.565,-0.007562747
11.57,-0.008297259
11.575,-0.008605049
11.58,-0.008905349
11.585,-0.009318906
11.59,-0.009631538
11.595,-0.009957604
11.6,-0.0104475
11.605,-0.01082097
11.61,-0.01094213
11.615,-0.0108925
11.62,-0.0107744
11.625,-0.01046553
11.63,-0.0100369
11.635,-0.009574379
11.64,-0.009252768
11.645,-0.008961094
11.65,-0.008412739
11.655,-0.007868312
11.66,-0.007401597
11.665,-0.00680032
11.67,-0.006050569
11.675,-0.005082597
11.68,-0.004121292
11.685,-0.003271153
11.69,-0.002525536
11.695,-0.001938439
11.7,-0.001746954
11.705,-0.001658996
11.71,-0.001598103
11.715,-0.001555732
11.72,-0.001439276
11.725,-0.001088901
11.73,-0.000690064
11.735,-0.000279552
11.74,0.0002209
11.745,0.000784903
11.75,0.001505284
11.755,0.002260896
11.76,0.002966822
11.765,0.003838719
11.77,0.004888929
11.775,0.005616786
11.78,0.006128509
11.785,0.0064086
11.79,0.006561832
11.795,0.006635558
11.8,0.006635604
11.805,0.006606805
11.81,0.006502204
11.815,0.006552928
11.82,0.006832328
11.825,0.00705612
11.83,0.007126681
11.835,0.006799582
11.84,0.006469021
11.845,0.006257856
11.85,0.005863689
11.855,0.005291883
11.86,0.00452556
11.865,0.003954995
11.87,0.003711133
11.875,0.003491885
11.88,0.003280262
11.885,0.003210436
11.89,0.003110183
11.895,0.002834961
11.9,0.002534019
11.905,0.002238578
11.91,0.001862034
11.915,0.001369108
11.92,0.000718395
11.925,0.000576259
11.93,0.000768788
11.935,0.000356784
11.94,-0.000244041
11.945,-0.000848541
11.95,-0.00146349
11.955,-0.002017484
11.96,-0.002407581
11.965,-0.002820529
11.97,-0.003393171
11.975,-0.003985521
11.98,-0.004518224
11.985,-0.004837764
11.99,-0.005093313
11.995,-0.005262837
12,-0.005158931
12.005,-0.004873503
12.01,-0.004525783
12.015,-0.004105262
12.02,-0.003578086
12.025,-0.003239105
12.03,-0.003070041
12.035,-0.002850675
12.04,-0.002569532
12.045,-0.002207329
12.05,-0.001807263
12.055,-0.0013691
12.06,-0.000936259
12.065,-0.000428611
12.07,0.000591588
12.075,0.001584976
12.08,0.002361632
12.085,0.003453326
12.09,0.004730373
12.095,0.005683164
12.1,0.006575274
12.105,0.007578231
12.11,0.008398592
12.115,0.009088476
12.12,0.009964439
12.125,0.01086379
12.13,0.01158992
12.135,0.01229785
12.14,0.01300576
12.145,0.01356452
12.15,0.01402345
12.155,0.01431102
12.16,0.01448764
12.165,0.014555
12.17,0.01434727
12.175,0.01398162
12.18,0.01374204
12.185,0.01348913
12.19,0.01302897
12.195,0.01232607
12.2,0.01147579
12.205,0.01052342
12.21,0.009532738
12.215,0.008503616
12.22,0.007353848
12.225,0.006072683
12.23,0.004476261
12.235,0.002695371
12.24,0.00083375
12.245,-0.000706998
12.25,-0.001941309
12.255,-0.003053567
12.26,-0.004088649
12.265,-0.0050698
12.27,-0.006269901
12.275,-0.007701889
12.28,-0.008632254
12.285,-0.009286022
12.29,-0.009996118
12.295,-0.01083845
12.3,-0.01179603
12.305,-0.01254144
12.31,-0.01309764
12.315,-0.01350628
12.32,-0.01392427
12.325,-0.01439561
12.33,-0.01481198
12.335,-0.01520277
12.34,-0.01560831
12.345,-0.01592937
12.35,-0.01609434
12.355,-0.016096
12.36,-0.01602746
12.365,-0.0157664
12.37,-0.0151822
12.375,-0.01424013
12.38,-0.01317086
12.385,-0.01204634
12.39,-0.01075771
12.395,-0.009365648
12.4,-0.007788026
12.405,-0.006332681
12.41,-0.005042115
12.415,-0.003724349
12.42,-0.002368714
12.425,-0.000957089
12.43,0.00049997
12.435,0.002001936
12.44,0.003479406
12.445,0.004878337
12.45,0.006061912
12.455,0.007299113
12.46,0.008756188
12.465,0.009849023
12.47,0.01060526
12.475,0.01137653
12.48,0.0120078
12.485,0.01220534
12.49,0.01220724
12.495,0.01208115
12.5,0.01191871
12.505,0.01172575
12.51,0.01128734
12.515,0.01105026
12.52,0.01111539
12.525,0.01066001
12.53,0.009824774
12.535,0.009271286
12.54,0.00866781
12.545,0.007776564
12.55,0.006720503
12.555,0.005705476
12.56,0.005270883
12.565,0.004733352
12.57,0.003569053
12.575,0.002353181
12.58,0.001230741
12.585,6.35E-05
12.59,-0.001234354
12.595,-0.002776035
12.6,-0.00417212
12.605,-0.005354095
12.61,-0.00640714
12.615,-0.007346536
12.62,-0.008139169
12.625,-0.008930023
12.63,-0.009760469
12.635,-0.01059587
12.64,-0.01141564
12.645,-0.01221498
12.65,-0.01307974
12.655,-0.01403752
12.66,-0.01500196
12.665,-0.01575346
12.67,-0.01602719
12.675,-0.01630525
12.68,-0.0166797
12.685,-0.016736
12.69,-0.01661462
12.695,-0.01627034
12.7,-0.01569808
12.705,-0.01493894
12.71,-0.01425141
12.715,-0.01364055
12.72,-0.01301243
12.725,-0.01228847
12.73,-0.01144196
12.735,-0.01061972
12.74,-0.009818777
12.745,-0.008915595
12.75,-0.007884856
12.755,-0.006572705
12.76,-0.005203491
12.765,-0.003855442
12.77,-0.002368208
12.775,-0.000765355
12.78,0.001226749
12.785,0.00314972
12.79,0.004784292
12.795,0.006347518
12.8,0.007757489
12.805,0.00853475
12.81,0.009243347
12.815,0.01015427
12.82,0.01092873
12.825,0.01157595
12.83,0.01218858
12.835,0.01277241
12.84,0.01329479
12.845,0.013705
12.85,0.0139773
12.855,0.014213
12.86,0.0144195
12.865,0.01451017
12.87,0.01450398
12.875,0.01433198
12.88,0.01413636
12.885,0.0139911
12.89,0.01390993
12.895,0.01377027
12.9,0.01344024
12.905,0.01302182
12.91,0.01254743
12.915,0.01188188
12.92,0.01116872
12.925,0.01053278
12.93,0.009800297
12.935,0.008947274
12.94,0.008249922
12.945,0.007662624
12.95,0.007153048
12.955,0.006667063
12.96,0.0061781
12.965,0.005687265
12.97,0.005231587
12.975,0.004970813
12.98,0.004795054
12.985,0.004618259
12.99,0.004242913
12.995,0.003715793
13,0.003218256
13.005,0.002676674
13.01,0.001956238
13.015,0.001239978
13.02,0.000570759
13.025,-0.000184578
13.03,-0.000899745
13.035,-0.001439452
13.04,-0.001828738
13.045,-0.002172566
13.05,-0.002675914
13.055,-0.003212338
13.06,-0.00364206
13.065,-0.004009573
13.07,-0.004328445
13.075,-0.004673272
13.08,-0.0049223
13.085,-0.004874413
13.09,-0.004786633
13.095,-0.004710727
13.1,-0.00444479
13.105,-0.004128486
13.11,-0.003950161
13.115,-0.003834962
13.12,-0.003773675
13.125,-0.003866927
13.13,-0.00405469
13.135,-0.004198482
13.14,-0.004423537
13.145,-0.004909717
13.15,-0.005438918
13.155,-0.005893296
13.16,-0.00619436
13.165,-0.006277995
13.17,-0.005889067
13.175,-0.005405246
13.18,-0.00502347
13.185,-0.00475731
13.19,-0.004488668
13.195,-0.004092987
13.2,-0.003695102
13.205,-0.003300695
13.21,-0.002807114
13.215,-0.002284261
13.22,-0.001808883
13.225,-0.001384611
13.23,-0.001027048
13.235,-0.000721365
13.24,-0.000478056
13.245,-0.000406964
13.25,-0.000374424
13.255,-0.000343637
13.26,-0.000328474
13.265,-0.000346095
13.27,-0.000583293
13.275,-0.000769388
13.28,-0.000604128
13.285,-0.000492564
13.29,-0.000564137
13.295,-0.000850756
13.3,-0.001098823
13.305,-0.001031831
13.31,-0.000909682
13.315,-0.000759282
13.32,-0.000344548
13.325,0.000104048
13.33,0.000222482
13.335,0.000394466
13.34,0.000797415
13.345,0.001359956
13.35,0.002011205
13.355,0.002625939
13.36,0.003227418
13.365,0.003823901
13.37,0.004273704
13.375,0.00454746
13.38,0.004472375
13.385,0.004293258
13.39,0.004217845
13.395,0.004112033
13.4,0.003905091
13.405,0.003493518
13.41,0.003146899
13.415,0.003144672
13.42,0.003074757
13.425,0.002832861
13.43,0.002729258
13.435,0.002679182
13.44,0.002477696
13.445,0.002293221
13.45,0.002182416
13.455,0.001945626
13.46,0.001624659
13.465,0.001380667
13.47,0.001049989
13.475,0.000547046
13.48,3.08E-05
13.485,-0.000447504
13.49,-0.000834845
13.495,-0.001220306
13.5,-0.001642891
13.505,-0.001989242
13.51,-0.00226895
13.515,-0.002540732
13.52,-0.002747704
13.525,-0.002810702
13.53,-0.00297457
13.535,-0.003317195
13.54,-0.003632725
13.545,-0.003958844
13.55,-0.004422493
13.555,-0.004808905
13.56,-0.005069005
13.565,-0.005515342
13.57,-0.005997241
13.575,-0.006152189
13.58,-0.006252564
13.585,-0.006419406
13.59,-0.006618332
13.595,-0.006772454
13.6,-0.006535656
13.605,-0.006188056
13.61,-0.005820909
13.615,-0.005200688
13.62,-0.004395059
13.625,-0.003508409
13.63,-0.002522126
13.635,-0.001283388
13.64,-0.000150414
13.645,0.000826726
13.65,0.001913237
13.655,0.002994691
13.66,0.00390841
13.665,0.004670511
13.67,0.005316634
13.675,0.006140181
13.68,0.007064163
13.685,0.007674637
13.69,0.008233702
13.695,0.008860941
13.7,0.009242785
13.705,0.0094095
13.71,0.009472933
13.715,0.009444274
13.72,0.009295065
13.725,0.009355916
13.73,0.00969435
13.735,0.009772279
13.74,0.009683749
13.745,0.009621193
13.75,0.009570839
13.755,0.009493161
13.76,0.0093259
13.765,0.009076564
13.77,0.008535346
13.775,0.007997502
13.78,0.007573355
13.785,0.006917511
13.79,0.006195563
13.795,0.00606702
13.8,0.006015583
13.805,0.005754515
13.81,0.005513091
13.815,0.005306795
13.82,0.005121259
13.825,0.004888714
13.83,0.004524622
13.835,0.004137293
13.84,0.003778882
13.845,0.003438032
13.85,0.003083416
13.855,0.002663617
13.86,0.002208151
13.865,0.001734297
13.87,0.001385196
13.875,0.001031612
13.88,0.000310961
13.885,-0.000439673
13.89,-0.001068401
13.895,-0.001663537
13.9,-0.002278616
13.905,-0.003036802
13.91,-0.003736491
13.915,-0.004272948
13.92,-0.004609329
13.925,-0.004791603
13.93,-0.004860085
13.935,-0.004870644
13.94,-0.004772116
13.945,-0.004695018
13.95,-0.00464597
13.955,-0.004441341
13.96,-0.004258384
13.965,-0.004252851
13.97,-0.004301808
13.975,-0.004386697
13.98,-0.004670096
13.985,-0.005088085
13.99,-0.005631858
13.995,-0.006265905
14,-0.006975189
14.005,-0.007674113
14.01,-0.008266081
14.015,-0.008664571
14.02,-0.009022866
14.025,-0.009345387
14.03,-0.009444501
14.035,-0.009422863
14.04,-0.009202543
14.045,-0.008999051
14.05,-0.008903966
14.055,-0.008757697
14.06,-0.008565866
14.065,-0.008406313
14.07,-0.008349638
14.075,-0.008415966
14.08,-0.008524343
14.085,-0.008664174
14.09,-0.008920686
14.095,-0.009160051
14.1,-0.009332705
14.105,-0.009602243
14.11,-0.01003053
14.115,-0.01084857
14.12,-0.0117879
14.125,-0.01279987
14.13,-0.01355582
14.135,-0.014031
14.14,-0.01440706
14.145,-0.01471941
14.15,-0.01483608
14.155,-0.01476829
14.16,-0.0145519
14.165,-0.01387236
14.17,-0.01312273
14.175,-0.01268681
14.18,-0.01221205
14.185,-0.0115749
14.19,-0.01070213
14.195,-0.009798267
14.2,-0.009037671
14.205,-0.008229661
14.21,-0.007350104
14.215,-0.006639234
14.22,-0.005978018
14.225,-0.005070657
14.23,-0.004093632
14.235,-0.003103592
14.24,-0.001939862
14.245,-0.000726758
14.25,0.000136455
14.255,0.000990044
14.26,0.002097936
14.265,0.003328143
14.27,0.004554593
14.275,0.005554572
14.28,0.006379944
14.285,0.007030238
14.29,0.007601433
14.295,0.008125348
14.3,0.008561775
14.305,0.009030476
14.31,0.009791208
14.315,0.01025498
14.32,0.01016331
14.325,0.009897359
14.33,0.009684029
14.335,0.009659564
14.34,0.009655747
14.345,0.009611971
14.35,0.009456272
14.355,0.009221317
14.36,0.009057287
14.365,0.008909945
14.37,0.008746211
14.375,0.008663862
14.38,0.008615791
14.385,0.008399291
14.39,0.008229424
14.395,0.008273805
14.4,0.008237592
14.405,0.008088494
14.41,0.007934716
14.415,0.007749785
14.42,0.007462955
14.425,0.007152561
14.43,0.006823251
14.435,0.006297818
14.44,0.005689874
14.445,0.005087003
14.45,0.004433922
14.455,0.003724662
14.46,0.003078973
14.465,0.002512282
14.47,0.002024144
14.475,0.001553898
14.48,0.001086744
14.485,0.000641048
14.49,0.000284609
14.495,0.000131674
14.5,4.30E-05
14.505,-4.47E-05
14.51,-0.000226088
14.515,-0.000451744
14.52,-0.000660624
14.525,-0.00076406
14.53,-0.000723727
14.535,-0.000694888
14.54,-0.000653644
14.545,-0.000382131
14.55,-9.34E-05
14.555,0.000100432
14.56,0.000216728
14.565,0.000295892
14.57,0.000468462
14.575,0.000673347
14.58,0.000908292
14.585,0.001140963
14.59,0.00141438
14.595,0.001996109
14.6,0.002630449
14.605,0.00321173
14.61,0.003698314
14.615,0.004133866
14.62,0.004762096
14.625,0.005449434
14.63,0.006178623
14.635,0.00699356
14.64,0.007770259
14.645,0.008115721
14.65,0.008374126
14.655,0.008868747
14.66,0.009144291
14.665,0.009195167
14.67,0.009328958
14.675,0.009521714
14.68,0.009688422
14.685,0.009697463
14.69,0.009563696
14.695,0.009244722
14.7,0.008884814
14.705,0.008566543
14.71,0.008002589
14.715,0.007218699
14.72,0.006314403
14.725,0.005389224
14.73,0.004457974
14.735,0.003298701
14.74,0.002003781
14.745,0.000890953
14.75,-0.000301682
14.755,-0.001883351
14.76,-0.003167561
14.765,-0.004083251
14.77,-0.004916646
14.775,-0.005825284
14.78,-0.006857078
14.785,-0.007835891
14.79,-0.008635926
14.795,-0.008857391
14.8,-0.009099861
14.805,-0.009626666
14.81,-0.01023244
14.815,-0.01085999
14.82,-0.01136688
14.825,-0.01176752
14.83,-0.01204307
14.835,-0.01209948
14.84,-0.01196416
14.845,-0.01159852
14.85,-0.01141836
14.855,-0.01149628
14.86,-0.01116587
14.865,-0.01049995
14.87,-0.009821618
14.875,-0.009052555
14.88,-0.008122732
14.885,-0.007293329
14.89,-0.006625536
14.895,-0.006178937
14.9,-0.005605069
14.905,-0.004621051
14.91,-0.003690409
14.915,-0.002924288
14.92,-0.002280111
14.925,-0.001336388
14.93,0.000325988
14.935,0.001658903
14.94,0.002527685
14.945,0.003336715
14.95,0.004254192
14.955,0.005381134
14.96,0.006124494
14.965,0.006500656
14.97,0.006786647
14.975,0.007206978
14.98,0.00795915
14.985,0.008393647
14.99,0.008520743
14.995,0.008853757
15,0.009200026
15.005,0.00926676
15.01,0.009038638
15.015,0.008512722
15.02,0.007985989
15.025,0.007559961
15.03,0.007217256
15.035,0.006952343
15.04,0.006766104
15.045,0.006544553
15.05,0.006231882
15.055,0.005778702
15.06,0.005196971
15.065,0.004528803
15.07,0.004085362
15.075,0.003706864
15.08,0.003110222
15.085,0.002288136
15.09,0.00140094
15.095,0.000744485
15.1,0.000157548
15.105,-0.000520176
15.11,-0.001221469
15.115,-0.00185311
15.12,-0.002173907
15.125,-0.002628966
15.13,-0.003543605
15.135,-0.004147788
15.14,-0.004415994
15.145,-0.004776108
15.15,-0.005175787
15.155,-0.00550842
15.16,-0.005789555
15.165,-0.006043513
15.17,-0.006223453
15.175,-0.006224724
15.18,-0.006032604
15.185,-0.005885265
15.19,-0.005827731
15.195,-0.00593171
15.2,-0.00583678
15.205,-0.00543896
15.21,-0.005215969
15.215,-0.005116263
15.22,-0.004984773
15.225,-0.004778146
15.23,-0.004449152
15.235,-0.003907144
15.24,-0.003298911
15.245,-0.002679692
15.25,-0.00200526
15.255,-0.001260675
15.26,-0.000424729
15.265,0.000387601
15.27,0.000991817
15.275,0.001586752
15.28,0.002274076
15.285,0.00305612
15.29,0.003758869
15.295,0.004202792
15.3,0.00465662
15.305,0.005201223
15.31,0.005747727
15.315,0.006256369
15.32,0.006688799
15.325,0.0069848
15.33,0.007086566
15.335,0.007005515
15.34,0.00696516
15.345,0.007107656
15.35,0.006937089
15.355,0.006350791
15.36,0.006036731
15.365,0.00584798
15.37,0.005426654
15.375,0.004849869
15.38,0.004163098
15.385,0.003520298
15.39,0.002798436
15.395,0.001761196
15.4,0.00079137
15.405,-8.76E-05
15.41,-0.001331623
15.415,-0.002623516
15.42,-0.003626039
15.425,-0.004712111
15.43,-0.005890984
15.435,-0.00676471
15.44,-0.007393794
15.445,-0.007877719
15.45,-0.008463893
15.455,-0.009072782
15.46,-0.009256017
15.465,-0.009430297
15.47,-0.009751958
15.475,-0.009825565
15.48,-0.009784696
15.485,-0.009825999
15.49,-0.009820092
15.495,-0.009677489
15.5,-0.009331999
15.505,-0.008950827
15.51,-0.008691972
15.515,-0.008384896
15.52,-0.007976651
15.525,-0.007587755
15.53,-0.007153572
15.535,-0.006529895
15.54,-0.005938306
15.545,-0.005403339
15.55,-0.004589962
15.555,-0.003734518
15.56,-0.00307981
15.565,-0.002168032
15.57,-0.000887065
15.575,0.000154457
15.58,0.001048365
15.585,0.002114573
15.59,0.003210989
15.595,0.004219472
15.6,0.004966921
15.605,0.005602307
15.61,0.006185757
15.615,0.006683584
15.62,0.007083529
15.625,0.007394723
15.63,0.007632479
15.635,0.007604406
15.64,0.0076461
15.645,0.007867154
15.65,0.007907449
15.655,0.007816891
15.66,0.007580704
15.665,0.007272383
15.67,0.006925395
15.675,0.006594251
15.68,0.00623372
15.685,0.005579995
15.69,0.004843947
15.695,0.004147904
15.7,0.003575158
15.705,0.003009227
15.71,0.002309792
15.715,0.001707178
15.72,0.001185196
15.725,0.000210998
15.73,-0.000787884
15.735,-0.001307806
15.74,-0.001926099
15.745,-0.002725
15.75,-0.003328905
15.755,-0.0038605
15.76,-0.004453218
15.765,-0.004819076
15.77,-0.004991764
15.775,-0.005219282
15.78,-0.005513234
15.785,-0.005884804
15.79,-0.006254357
15.795,-0.006597393
15.8,-0.006937607
15.805,-0.007201103
15.81,-0.007264005
15.815,-0.007241202
15.82,-0.007188276
15.825,-0.007019944
15.83,-0.006859769
15.835,-0.00675072
15.84,-0.006563115
15.845,-0.006325475
15.85,-0.006164645
15.855,-0.006047428
15.86,-0.005913964
15.865,-0.005612096
15.87,-0.005173283
15.875,-0.004644334
15.88,-0.003949583
15.885,-0.003043471
15.89,-0.002094934
15.895,-0.001184597
15.9,-0.000388311
15.905,0.000341129
15.91,0.001043562
15.915,0.001802646
15.92,0.002618634
15.925,0.003464269
15.93,0.004234435
15.935,0.004846144
15.94,0.005554757
15.945,0.006310929
15.95,0.006738694
15.955,0.007106669
15.96,0.007554331
15.965,0.007975816
15.97,0.008290488
15.975,0.008169497
15.98,0.008036397
15.985,0.008095525
15.99,0.008089065
15.995,0.007958736
16,0.00755956
16.005,0.007114984
16.01,0.006662158
16.015,0.006073949
16.02,0.005439524
16.025,0.004936978
16.03,0.004390658
16.035,0.003697104
16.04,0.002921367
16.045,0.002109092
16.05,0.001318018
16.055,0.000582581
16.06,-9.67E-05
16.065,-0.000770476
16.07,-0.001470657
16.075,-0.002292542
16.08,-0.002920328
16.085,-0.00328044
16.09,-0.003856579
16.095,-0.00456023
16.1,-0.005238595
16.105,-0.005853896
16.11,-0.006384236
16.115,-0.006850722
16.12,-0.007294672
16.125,-0.007736796
16.13,-0.008111945
16.135,-0.008389395
16.14,-0.008581514
16.145,-0.008751162
16.15,-0.008889665
16.155,-0.008829315
16.16,-0.008504433
16.165,-0.008073232
16.17,-0.00768221
16.175,-0.007480562
16.18,-0.007269706
16.185,-0.006977554
16.19,-0.006722675
16.195,-0.006454056
16.2,-0.005941807
16.205,-0.005268578
16.21,-0.004514203
16.215,-0.003889031
16.22,-0.003343661
16.225,-0.002766185
16.23,-0.002131399
16.235,-0.00141059
16.24,-0.000635173
16.245,0.000213886
16.25,0.001297156
16.255,0.00224167
16.26,0.002918997
16.265,0.003701796
16.27,0.004570703
16.275,0.005333991
16.28,0.005979271
16.285,0.00645473
16.29,0.006977047
16.295,0.007545167
16.3,0.00790623
16.305,0.008188596
16.31,0.008417812
16.315,0.008527226
16.32,0.008610086
16.325,0.008940749
16.33,0.009270966
16.335,0.009268898
16.34,0.00894551
16.345,0.008530706
16.35,0.008469923
16.355,0.008447372
16.36,0.008096016
16.365,0.007659747
16.37,0.007246538
16.375,0.006795703
16.38,0.006312626
16.385,0.005803017
16.39,0.005295379
16.395,0.004792304
16.4,0.004262018
16.405,0.003727439
16.41,0.003228837
16.415,0.002862641
16.42,0.00260071
16.425,0.002396602
16.43,0.002196053
16.435,0.001954477
16.44,0.001715204
16.445,0.001497385
16.45,0.001302734
16.455,0.001307057
16.46,0.001755971
16.465,0.002003242
16.47,0.001985968
16.475,0.002106535
16.48,0.002322011
16.485,0.002534979
16.49,0.00249809
16.495,0.00230483
16.5,0.002278556
16.505,0.002262645
16.51,0.002042275
16.515,0.001698358
16.52,0.001339969
16.525,0.001094392
16.53,0.0009267
16.535,0.000809244
16.54,0.000578913
16.545,0.000264378
16.55,4.83E-05
16.555,-7.35E-05
16.56,-9.67E-05
16.565,-0.000172347
16.57,-0.000319379
16.575,-0.000493275
16.58,-0.000573924
16.585,-0.000395127
16.59,-0.000168449
16.595,2.99E-05
16.6,0.00014386
16.605,0.000253388
16.61,0.000533982
16.615,0.000666486
16.62,0.000532968
16.625,0.000435723
16.63,0.000364637
16.635,9.35E-05
16.64,-0.000174384
16.645,-0.00034817
16.65,-0.000506527
16.655,-0.000760524
16.66,-0.001487484
16.665,-0.00207627
16.67,-0.002330364
16.675,-0.002952309
16.68,-0.00380998
16.685,-0.004281709
16.69,-0.004638598
16.695,-0.005105358
16.7,-0.005790191
16.705,-0.006597038
16.71,-0.007235574
16.715,-0.00772318
16.72,-0.008096672
16.725,-0.008424115
16.73,-0.008721908
16.735,-0.008929549
16.74,-0.008905998
16.745,-0.008648427
16.75,-0.008646104
16.755,-0.008866861
16.76,-0.009016106
16.765,-0.008952541
16.77,-0.008476878
16.775,-0.008098214
16.78,-0.007837882
16.785,-0.007190182
16.79,-0.006466378
16.795,-0.005823837
16.8,-0.005049579
16.805,-0.004333424
16.81,-0.00453333
16.815,-0.004811704
16.82,-0.004279941
16.825,-0.003958965
16.83,-0.003983832
16.835,-0.003713041
16.84,-0.003240852
16.845,-0.002702055
16.85,-0.002248214
16.855,-0.001920453
16.86,-0.001584043
16.865,-0.001293901
16.87,-0.001156774
16.875,-0.000983407
16.88,-0.000676535
16.885,-0.000256334
16.89,0.000230508
16.895,0.000944326
16.9,0.001654347
16.905,0.002234914
16.91,0.00276417
16.915,0.003236856
16.92,0.003592604
16.925,0.003977495
16.93,0.004446465
16.935,0.004852146
16.94,0.005215498
16.945,0.005653249
16.95,0.006095788
16.955,0.006500153
16.96,0.006900509
16.965,0.007296757
16.97,0.007675333
16.975,0.008014143
16.98,0.008279673
16.985,0.008357812
16.99,0.008279086
16.995,0.008073249
17,0.008010171
17.005,0.008138931
17.01,0.008082512
17.015,0.00786427
17.02,0.007651508
17.025,0.007436463
17.03,0.007133838
17.035,0.006651833
17.04,0.006041814
17.045,0.005315723
17.05,0.004605616
17.055,0.003976014
17.06,0.003412887
17.065,0.002926797
17.07,0.002634944
17.075,0.002414491
17.08,0.002163102
17.085,0.001897699
17.09,0.001668336
17.095,0.001647792
17.1,0.001702093
17.105,0.001695741
17.11,0.001557884
17.115,0.001382639
17.12,0.001483209
17.125,0.00172164
17.13,0.001973322
17.135,0.002001327
17.14,0.001768143
17.145,0.001710964
17.15,0.001881354
17.155,0.00257382
17.16,0.00275881
17.165,0.002108484
17.17,0.001868862
17.175,0.001948308
17.18,0.002046265
17.185,0.002040873
17.19,0.001913491
17.195,0.001797922
17.2,0.001716643
17.205,0.001729135
17.21,0.001775147
17.215,0.001815909
17.22,0.001802254
17.225,0.001726361
17.23,0.001565412
17.235,0.001412674
17.24,0.001318865
17.245,0.001259348
17.25,0.001191528
17.255,0.000979712
17.26,0.00069307
17.265,0.000304329
17.27,-7.50E-05
17.275,-0.000408082
17.28,-0.000774176
17.285,-0.001038989
17.29,-0.001042534
17.295,-0.001218414
17.3,-0.001597426
17.305,-0.001937596
17.31,-0.002192884
17.315,-0.002329654
17.32,-0.002576103
17.325,-0.002979136
17.33,-0.003260576
17.335,-0.003395389
17.34,-0.003390687
17.345,-0.003434612
17.35,-0.003562194
17.355,-0.003570798
17.36,-0.003527559
17.365,-0.003519439
17.37,-0.003457679
17.375,-0.003316744
17.38,-0.003231586
17.385,-0.003162622
17.39,-0.002964807
17.395,-0.00273594
17.4,-0.002526699
17.405,-0.002333804
17.41,-0.002167559
17.415,-0.002043142
17.42,-0.001787026
17.425,-0.001333369
17.43,-0.000830894
17.435,-0.000368099
17.44,-0.000140983
17.445,5.94E-05
17.45,0.000331562
17.455,0.000561407
17.46,0.000745659
17.465,0.000867955
17.47,0.000967599
17.475,0.001069919
17.48,0.001163904
17.485,0.001219399
17.49,0.001104633
17.495,0.00090214
17.5,0.000682562
17.505,0.000612381
17.51,0.000708308
17.515,0.00056864
17.52,0.000368661
17.525,0.000376954
17.53,0.000366753
17.535,0.000257643
17.54,8.34E-05
17.545,-1.58E-05
17.55,0.000353974
17.555,0.000748874
17.56,0.000952167
17.565,0.001009261
17.57,0.001049802
17.575,0.001210744
17.58,0.001256568
17.585,0.001167219
17.59,0.00138819
17.595,0.001705261
17.6,0.001682429
17.605,0.001496027
17.61,0.001229326
17.615,0.000968086
17.62,0.000714936
17.625,0.000375639
17.63,3.57E-05
17.635,-0.000289395
17.64,-0.000704742
17.645,-0.001178831
17.65,-0.001765116
17.655,-0.002281301
17.66,-0.002640727
17.665,-0.002978344
17.67,-0.003282969
17.675,-0.003322318
17.68,-0.003100867
17.685,-0.002700042
17.69,-0.002521238
17.695,-0.002492639
17.7,-0.002533984
17.705,-0.00248893
17.71,-0.002285441
17.715,-0.002069707
17.72,-0.001886403
17.725,-0.001793077
17.73,-0.001788004
17.735,-0.00186449
17.74,-0.001892818
17.745,-0.001889495
17.75,-0.001907756
17.755,-0.001903531
17.76,-0.001831925
17.765,-0.001599173
17.77,-0.001352808
17.775,-0.001333939
17.78,-0.00136472
17.785,-0.001350047
17.79,-0.001234684
17.795,-0.001055288
17.8,-0.000734022
17.805,-0.000474363
17.81,-0.000355645
17.815,-0.000199568
17.82,3.86E-05
17.825,0.000530732
17.83,0.000996006
17.835,0.001329628
17.84,0.001706851
17.845,0.002148671
17.85,0.002707137
17.855,0.003141005
17.86,0.003366378
17.865,0.003595786
17.87,0.003828735
17.875,0.003923286
17.88,0.004013309
17.885,0.004123596
17.89,0.003983669
17.895,0.003658888
17.9,0.003354028
17.905,0.003135557
17.91,0.003047315
17.915,0.002900276
17.92,0.002646056
17.925,0.002246159
17.93,0.001899327
17.935,0.001751673
17.94,0.001667849
17.945,0.001615188
17.95,0.001672076
17.955,0.001842496
17.96,0.002171851
17.965,0.00214976
17.97,0.001866089
17.975,0.001924373
17.98,0.002182581
17.985,0.002616327
17.99,0.002864084
17.995,0.002922251
18,0.003109425
18.005,0.003335096
18.01,0.003521463
18.015,0.003631589
18.02,0.003725426
18.025,0.00399521
18.03,0.004246406
18.035,0.004324237
18.04,0.004304754
18.045,0.004216106
18.05,0.00397734
18.055,0.003755838
18.06,0.003629137
18.065,0.003311003
18.07,0.002871249
18.075,0.002642414
18.08,0.002465119
18.085,0.00222157
18.09,0.001915801
18.095,0.001584115
18.1,0.001310427
18.105,0.00096206
18.11,0.000506308
18.115,0.00022792
18.12,4.54E-05
18.125,-0.000437047
18.13,-0.000906764
18.135,-0.001199025
18.14,-0.001490007
18.145,-0.001778329
18.15,-0.001919377
18.155,-0.002080158
18.16,-0.002381459
18.165,-0.002884051
18.17,-0.00337006
18.175,-0.003640479
18.18,-0.003841247
18.185,-0.004002942
18.19,-0.00414283
18.195,-0.004316002
18.2,-0.004580111
18.205,-0.004882571
18.21,-0.005209418
18.215,-0.005656262
18.22,-0.006198555
18.225,-0.006788809
18.23,-0.007014238
18.235,-0.006963057
18.24,-0.007024265
18.245,-0.007060402
18.25,-0.006970644
18.255,-0.006967121
18.26,-0.007020898
18.265,-0.006879525
18.27,-0.006657598
18.275,-0.006432177
18.28,-0.006185749
18.285,-0.005962051
18.29,-0.005891082
18.295,-0.005708647
18.3,-0.005312832
18.305,-0.00496529
18.31,-0.004676823
18.315,-0.004402619
18.32,-0.004238808
18.325,-0.004216586
18.33,-0.004143258
18.335,-0.003948258
18.34,-0.00358245
18.345,-0.00320148
18.35,-0.002829462
18.355,-0.002357621
18.36,-0.001905142
18.365,-0.001597132
18.37,-0.001256241
18.375,-0.000854246
18.38,-0.000613967
18.385,-0.000482677
18.39,-0.00039896
18.395,-0.000295437
18.4,-0.000174686
18.405,-0.000102918
18.41,-4.53E-05
18.415,5.45E-06
18.42,-7.89E-05
18.425,-0.00025047
18.43,-0.000322073
18.435,-0.000395121
18.44,-0.000541934
18.445,-0.000321134
18.45,0.000130546
18.455,0.000174745
18.46,0.000109932
18.465,6.97E-05
18.47,-0.000192303
18.475,-0.000540324
18.48,-0.0005253
18.485,-0.000474097
18.49,-0.000570048
18.495,-0.000712477
18.5,-0.000846267
18.505,-0.00083665
18.51,-0.00097021
18.515,-0.001349222
18.52,-0.00166673
18.525,-0.001924578
18.53,-0.002241834
18.535,-0.002485635
18.54,-0.002574025
18.545,-0.002534362
18.55,-0.002551119
18.555,-0.002763699
18.56,-0.002826739
18.565,-0.0026594
18.57,-0.0026139
18.575,-0.002612591
18.58,-0.002475836
18.585,-0.002356608
18.59,-0.002294574
18.595,-0.002130346
18.6,-0.001892325
18.605,-0.00161774
18.61,-0.001330275
18.615,-0.001051627
18.62,-0.000863909
18.625,-0.000716325
18.63,-0.000548876
18.635,-0.000363395
18.64,-0.000170158
18.645,3.13E-05
18.65,0.00019663
18.655,0.000277107
18.66,0.000403338
18.665,0.000639703
18.67,0.001178888
18.675,0.001709768
18.68,0.001910253
18.685,0.002181191
18.69,0.002563656
18.695,0.002744463
18.7,0.002823849
18.705,0.002912635
18.71,0.003020981
18.715,0.003115539
18.72,0.003083994
18.725,0.003047266
18.73,0.003116433
18.735,0.003116287
18.74,0.003013081
18.745,0.002800123
18.75,0.002571119
18.755,0.002410677
18.76,0.002289602
18.765,0.002165547
18.77,0.001953491
18.775,0.00169272
18.78,0.001376079
18.785,0.001243303
18.79,0.001179995
18.795,0.000598425
18.8,-4.90E-05
18.805,-0.000534109
18.81,-0.00110057
18.815,-0.001665309
18.82,-0.001884596
18.825,-0.002233575
18.83,-0.00290838
18.835,-0.003474258
18.84,-0.00393224
18.845,-0.004383144
18.85,-0.004711967
18.855,-0.004946837
18.86,-0.00562227
18.865,-0.006350694
18.87,-0.006618675
18.875,-0.006703912
18.88,-0.006672816
18.885,-0.006517824
18.89,-0.006437888
18.895,-0.006599711
18.9,-0.00670939
18.905,-0.006639078
18.91,-0.006372141
18.915,-0.00600958
18.92,-0.005574176
18.925,-0.005169396
18.93,-0.004822806
18.935,-0.004380149
18.94,-0.003791655
18.945,-0.002996022
18.95,-0.002373141
18.955,-0.001929899
18.96,-0.001405377
18.965,-0.000726448
18.97,0.000210664
18.975,0.001005727
18.98,0.001540008
18.985,0.002102155
18.99,0.002806872
18.995,0.003704664
19,0.004401665
19.005,0.004907865
19.01,0.005513221
19.015,0.006188198
19.02,0.006904881
19.025,0.007574299
19.03,0.008171174
19.035,0.008758522
19.04,0.009285152
19.045,0.009650729
19.05,0.01003107
19.055,0.01042551
19.06,0.01047853
19.065,0.0104389
19.07,0.0105731
19.075,0.01063787
19.08,0.01057292
19.085,0.01059269
19.09,0.01065838
19.095,0.01064486
19.1,0.01043156
19.105,0.01000645
19.11,0.009685051
19.115,0.009458965
19.12,0.009282045
19.125,0.009042102
19.13,0.008684844
19.135,0.00822379
19.14,0.007732894
19.145,0.007411662
19.15,0.007081499
19.155,0.006641062
19.16,0.006138659
19.165,0.005595699
19.17,0.005006581
19.175,0.004396137
19.18,0.003776871
19.185,0.00320371
19.19,0.002663568
19.195,0.002082158
19.2,0.001600655
19.205,0.001254172
19.21,0.000735378
19.215,0.00013069
19.22,-0.000124207
19.225,-0.000345659
19.23,-0.000707754
19.235,-0.000892274
19.24,-0.000944381
19.245,-0.001128557
19.25,-0.001417984
19.255,-0.001845002
19.26,-0.002288412
19.265,-0.002653331
19.27,-0.002792958
19.275,-0.002983939
19.28,-0.003395063
19.285,-0.003603121
19.29,-0.003635596
19.295,-0.003804414
19.3,-0.003996355
19.305,-0.004097308
19.31,-0.004160803
19.315,-0.004177973
19.32,-0.003979169
19.325,-0.003738656
19.33,-0.003627071
19.335,-0.003418296
19.34,-0.003156282
19.345,-0.003214909
19.35,-0.003295581
19.355,-0.002988636
19.36,-0.002517018
19.365,-0.002287086
19.37,-0.001877724
19.375,-0.001288556
19.38,-0.001107719
19.385,-0.000970754
19.39,-0.000621656
19.395,-0.000387186
19.4,-0.000246415
19.405,0.00012094
19.41,0.00050052
19.415,0.000615887
19.42,0.00061407
19.425,0.000582634
19.43,0.000453962
19.435,0.000307591
19.44,0.000223811
19.445,5.88E-05
19.45,-0.000217552
19.455,-0.000387713
19.46,-0.000508583
19.465,-0.000697834
19.47,-0.000951074
19.475,-0.001247766
19.48,-0.001450994
19.485,-0.001649566
19.49,-0.001969286
19.495,-0.002254479
19.5,-0.002427499
19.505,-0.002424253
19.51,-0.002406171
19.515,-0.002637182
19.52,-0.002968665
19.525,-0.003302577
19.53,-0.003454713
19.535,-0.00352153
19.54,-0.003593701
19.545,-0.003646301
19.55,-0.003684583
19.555,-0.003726248
19.56,-0.00379446
19.565,-0.003960446
19.57,-0.004099106
19.575,-0.004173096
19.58,-0.004384351
19.585,-0.004637116
19.59,-0.004532818
19.595,-0.004430733
19.6,-0.004551851
19.605,-0.004581335
19.61,-0.004462806
19.615,-0.004138336
19.62,-0.003851741
19.625,-0.0037224
19.63,-0.003553468
19.635,-0.003317503
19.64,-0.003010241
19.645,-0.002673314
19.65,-0.002334293
19.655,-0.002011354
19.66,-0.001696552
19.665,-0.001285199
19.67,-0.000855049
19.675,-0.000517926
19.68,-0.000136688
19.685,0.000325623
19.69,0.000691904
19.695,0.000963439
19.7,0.001175343
19.705,0.001426679
19.71,0.001771458
19.715,0.001988442
19.72,0.002084267
19.725,0.002178876
19.73,0.00229243
19.735,0.002425373
19.74,0.002480184
19.745,0.002466755
19.75,0.002431739
19.755,0.002485345
19.76,0.002758013
19.765,0.002863988
19.77,0.002715582
19.775,0.002766303
19.78,0.00293163
19.785,0.00302317
19.79,0.002955535
19.795,0.002729665
19.8,0.002689222
19.805,0.002747452
19.81,0.002454619
19.815,0.00200917
19.82,0.001461242
19.825,0.00109728
19.83,0.000920889
19.835,0.000673137
19.84,0.000418454
19.845,0.000223627
19.85,2.17E-05
19.855,-0.000246148
19.86,-0.00074261
19.865,-0.001335281
19.87,-0.00188354
19.875,-0.002231989
19.88,-0.002424773
19.885,-0.002578066
19.89,-0.002721945
19.895,-0.002892122
19.9,-0.00317694
19.905,-0.003601449
19.91,-0.003965045
19.915,-0.004248359
19.92,-0.004463985
19.925,-0.004557976
19.93,-0.00448349
19.935,-0.004279642
19.94,-0.004075032
19.945,-0.003990408
19.95,-0.004053052
19.955,-0.004213116
19.96,-0.004074159
19.965,-0.003771402
19.97,-0.003380993
19.975,-0.002960547
19.98,-0.002558561
19.985,-0.002200004
19.99,-0.001903626
19.995,-0.001724539
20,-0.001504491
20.005,-0.001124963
20.01,-0.000808327
20.015,-0.000575876
20.02,-0.000342269
20.025,2.89E-05
20.03,0.00069828
20.035,0.001081259
20.04,0.001049692
20.045,0.001395841
20.05,0.001878897
20.055,0.001889948
20.06,0.001790849
20.065,0.0017865
20.07,0.001948642
20.075,0.0021745
20.08,0.00243899
20.085,0.002729937
20.09,0.0029998
20.095,0.003148279
20.1,0.003194041
20.105,0.003195485
20.11,0.003123323
20.115,0.002895518
20.12,0.002761034
20.125,0.002753136
20.13,0.002754806
20.135,0.002706956
20.14,0.002532785
20.145,0.00220657
20.15,0.001801027
20.155,0.001888594
20.16,0.002046703
20.165,0.001738961
20.17,0.001380241
20.175,0.001132318
20.18,0.00107612
20.185,0.001046622
20.19,0.000791661
20.195,0.000777359
20.2,0.001171477
20.205,0.001718377
20.21,0.002118805
20.215,0.001465221
20.22,0.000756304
20.225,0.000477851
20.23,0.000395285
20.235,0.000426549
20.24,0.000363107
20.245,0.000285552
20.25,0.00023809
20.255,0.000191742
20.26,0.000124216
20.265,-2.88E-05
20.27,-0.000140926
20.275,-5.93E-05
20.28,-4.28E-05
20.285,-9.56E-05
20.29,5.42E-05
20.295,0.000178797
20.3,4.46E-06
20.305,-8.32E-05
20.31,5.87E-05
20.315,0.000320013
20.32,0.000578331
20.325,0.000746723
20.33,0.000877104
20.335,0.000994566
20.34,0.001177911
20.345,0.001429333
20.35,0.001731398
20.355,0.001988687
20.36,0.002123698
20.365,0.002245032
20.37,0.002367335
20.375,0.002401862
20.38,0.002448669
20.385,0.002629738
20.39,0.002857046
20.395,0.003050106
20.4,0.002936418
20.405,0.00277585
20.41,0.002857522
20.415,0.003005351
20.42,0.003129137
20.425,0.003055568
20.43,0.002875003
20.435,0.002578988
20.44,0.002294339
20.445,0.00210501
20.45,0.0020406
20.455,0.002048435
20.46,0.001986079
20.465,0.001747014
20.47,0.001159524
20.475,0.000730396
20.48,0.000543101
20.485,0.000414281
20.49,0.000288878
20.495,0.000199934
20.5,0.00010682
20.505,-4.66E-05
20.51,-0.00037839
20.515,-0.000734948
20.52,-0.000939965
20.525,-0.001035467
20.53,-0.001034487
20.535,-0.000730734
20.54,-0.000425705
20.545,-0.000458528
20.55,-0.000524206
20.555,-0.00057251
20.56,-0.000899059
20.565,-0.001245688
20.57,-0.001069012
20.575,-0.000725599
20.58,-0.000391597
20.585,-0.000139015
20.59,3.54E-05
20.595,0.000249463
20.6,0.000422575
20.605,0.000455325
20.61,0.000443612
20.615,0.000444234
20.62,0.000478594
20.625,0.000470136
20.63,0.000324279
20.635,0.000215872
20.64,0.000164143
20.645,4.61E-05
20.65,2.14E-06
20.655,0.000234725
20.66,0.000580393
20.665,0.000916278
20.67,0.000874334
20.675,0.000668835
20.68,0.000501197
20.685,0.000449294
20.69,0.000537144
20.695,0.000521623
20.7,0.000391962
20.705,0.000193301
20.71,2.73E-05
20.715,-6.02E-05
20.72,1.54E-05
20.725,0.000207472
20.73,0.000401507
20.735,0.00039503
20.74,-8.39E-05
20.745,-0.000691834
20.75,-0.001182196
20.755,-0.001211063
20.76,-0.001076979
20.765,-0.001048687
20.77,-0.001026229
20.775,-0.001001182
20.78,-0.000982242
20.785,-0.000987379
20.79,-0.001093229
20.795,-0.001187094
20.8,-0.001197921
20.805,-0.001091394
20.81,-0.000977329
20.815,-0.001034247
20.82,-0.001100779
20.825,-0.001105393
20.83,-0.001017573
20.835,-0.000894586
20.84,-0.000937685
20.845,-0.001007035
20.85,-0.001041866
20.855,-0.001186507
20.86,-0.00137968
20.865,-0.001387542
20.87,-0.0012773
20.875,-0.001112932
20.88,-0.001091118
20.885,-0.001286057
20.89,-0.00150216
20.895,-0.001589696
20.9,-0.001440133
20.905,-0.001361263
20.91,-0.001420819
20.915,-0.001360025
20.92,-0.001258448
20.925,-0.001288933
20.93,-0.001212349
20.935,-0.000917822
20.94,-0.000477679
20.945,-2.70E-05
20.95,7.99E-05
20.955,0.000117213
20.96,0.000252178
20.965,0.000672354
20.97,0.001255448
20.975,0.001524
20.98,0.001584443
20.985,0.001511916
20.99,0.00144368
20.995,0.001421588
21,0.001336555
21.005,0.001275201
21.01,0.00147721
21.015,0.001530886
21.02,0.001271635
21.025,0.001041636
21.03,0.000853938
21.035,0.000554573
21.04,0.000249226
21.045,-3.98E-06
21.05,-0.00033295
21.055,-0.000697747
21.06,-0.00090453
21.065,-0.001071349
21.07,-0.001250434
21.075,-0.001403692
21.08,-0.001507094
21.085,-0.001404234
21.09,-0.001279518
21.095,-0.001333674
21.1,-0.001444716
21.105,-0.001595368
21.11,-0.001846083
21.115,-0.002063535
21.12,-0.002107563
21.125,-0.002064932
21.13,-0.001988543
21.135,-0.002064765
21.14,-0.002202149
21.145,-0.002261071
21.15,-0.002334865
21.155,-0.002450658
21.16,-0.002530781
21.165,-0.002592743
21.17,-0.002743019
21.175,-0.002785277
21.18,-0.002508985
21.185,-0.002236039
21.19,-0.002060743
21.195,-0.001927718
21.2,-0.001810914
21.205,-0.001684868
21.21,-0.001396771
21.215,-0.000929006
21.22,-0.000670035
21.225,-0.000550325
21.23,-0.000507093
21.235,-0.000460634
21.24,-0.000349439
21.245,-6.29E-05
21.25,0.000314042
21.255,0.000482446
21.26,0.000674196
21.265,0.001051677
21.27,0.001228964
21.275,0.001260114
21.28,0.001570462
21.285,0.00181575
21.29,0.001704756
21.295,0.001788134
21.3,0.002163563
21.305,0.002256286
21.31,0.002166236
21.315,0.002095434
21.32,0.002100523
21.325,0.002196993
21.33,0.002311449
21.335,0.002434748
21.34,0.002625016
21.345,0.002764066
21.35,0.002800133
21.355,0.002855483
21.36,0.002907845
21.365,0.002790814
21.37,0.00272257
21.375,0.002851991
21.38,0.002801673
21.385,0.00258394
21.39,0.002453948
21.395,0.002349181
21.4,0.002177275
21.405,0.002059925
21.41,0.001989638
21.415,0.001674792
21.42,0.001246858
21.425,0.000800661
21.43,0.000345527
21.435,-7.78E-05
21.44,-0.000333851
21.445,-0.000565308
21.45,-0.001059649
21.455,-0.001522254
21.46,-0.001828936
21.465,-0.002073104
21.47,-0.002294911
21.475,-0.002574662
21.48,-0.002853348
21.485,-0.003068159
21.49,-0.003097213
21.495,-0.003035519
21.5,-0.00319044
21.505,-0.003441957
21.51,-0.003742483
21.515,-0.003806122
21.52,-0.003702862
21.525,-0.003869603
21.53,-0.004109752
21.535,-0.004196312
21.54,-0.004240742
21.545,-0.004242483
21.55,-0.004010832
21.555,-0.003765639
21.56,-0.003922766
21.565,-0.004066313
21.57,-0.004010538
21.575,-0.003911183
21.58,-0.003782804
21.585,-0.00343082
21.59,-0.00300944
21.595,-0.002614129
21.6,-0.002257632
21.605,-0.001934462
21.61,-0.001588846
21.615,-0.001273621
21.62,-0.001034514
21.625,-0.000787839
21.63,-0.000484315
21.635,-2.74E-06
21.64,0.00044191
21.645,0.000600374
21.65,0.000757526
21.655,0.000973984
21.66,0.001064239
21.665,0.001081089
21.67,0.001039345
21.675,0.001083124
21.68,0.001270683
21.685,0.00145288
21.69,0.001626145
21.695,0.001887955
21.7,0.002093861
21.705,0.002132755
21.71,0.00228875
21.715,0.002588159
21.72,0.002957219
21.725,0.003345424
21.73,0.003709446
21.735,0.003905419
21.74,0.003870282
21.745,0.0037505
21.75,0.003674052
21.755,0.003794064
21.76,0.003873911
21.765,0.003814897
21.77,0.003716939
21.775,0.003568223
21.78,0.003259011
21.785,0.00299312
21.79,0.00285961
21.795,0.002775333
21.8,0.00270761
21.805,0.002598098
21.81,0.00246435
21.815,0.002297914
21.82,0.002133166
21.825,0.00200328
21.83,0.001994308
21.835,0.001962616
21.84,0.001743013
21.845,0.001509819
21.85,0.001329081
21.855,0.001221573
21.86,0.001110932
21.865,0.000917569
21.87,0.000744093
21.875,0.000635456
21.88,0.000658044
21.885,0.000664651
21.89,0.000343958
21.895,0.000103312
21.9,9.94E-05
21.905,1.16E-05
21.91,-0.000107975
21.915,6.43E-05
21.92,0.00026453
21.925,0.000374837
21.93,0.000730186
21.935,0.001191771
21.94,0.001151403
21.945,0.00105154
21.95,0.001374057
21.955,0.00154484
21.96,0.001518304
21.965,0.001741348
21.97,0.00204065
21.975,0.002184606
21.98,0.00225384
21.985,0.002264465
21.99,0.002221324
21.995,0.002157693
22,0.002046368
22.005,0.001929774
22.01,0.00183434
22.015,0.001770675
22.02,0.001711818
22.025,0.001555048
22.03,0.001381348
22.035,0.001249967
22.04,0.001296966
22.045,0.001433452
22.05,0.001334142
22.055,0.001250705
22.06,0.001352591
22.065,0.001303215
22.07,0.00112184
22.075,0.001066525
22.08,0.001061222
22.085,0.001030809
22.09,0.001196145
22.095,0.001586829
22.1,0.001767592
22.105,0.001790697
22.11,0.001694143
22.115,0.001628908
22.12,0.001658806
22.125,0.001662848
22.13,0.001659865
22.135,0.0017189
22.14,0.001686299
22.145,0.001498241
22.15,0.00131584
22.155,0.001167479
22.16,0.001064208
22.165,0.001014397
22.17,0.001037715
22.175,0.001181035
22.18,0.001348347
22.185,0.001237726
22.19,0.001123368
22.195,0.001160336
22.2,0.001073592
22.205,0.000904049
22.21,0.000940896
22.215,0.001018309
22.22,0.00095533
22.225,0.000961328
22.23,0.001012948
22.235,0.000779297
22.24,0.000448767
22.245,0.000210306
22.25,-6.73E-05
22.255,-0.000413167
22.26,-0.000697963
22.265,-0.000981464
22.27,-0.001390792
22.275,-0.001929434
22.28,-0.002576633
22.285,-0.003072952
22.29,-0.003522269
22.295,-0.004210936
22.3,-0.004837127
22.305,-0.005224335
22.31,-0.00529431
22.315,-0.005325827
22.32,-0.005675776
22.325,-0.005987895
22.33,-0.006099368
22.335,-0.006012856
22.34,-0.005905066
22.345,-0.005978914
22.35,-0.006001986
22.355,-0.005894049
22.36,-0.005776759
22.365,-0.005663852
22.37,-0.005529257
22.375,-0.005298614
22.38,-0.004943308
22.385,-0.004543686
22.39,-0.004155912
22.395,-0.00389433
22.4,-0.003629675
22.405,-0.003274816
22.41,-0.002878156
22.415,-0.002539304
22.42,-0.002619246
22.425,-0.002730783
22.43,-0.002452702
22.435,-0.00219253
22.44,-0.00204754
22.445,-0.001773327
22.45,-0.001419064
22.455,-0.001056239
22.46,-0.000734813
22.465,-0.000468457
22.47,-0.000224622
22.475,2.61E-05
22.48,0.000342111
22.485,0.000592884
22.49,0.000762051
22.495,0.001128964
22.5,0.001645275
22.505,0.002106624
22.51,0.002543453
22.515,0.002971732
22.52,0.00320952
22.525,0.003307402
22.53,0.003459887
22.535,0.003597067
22.54,0.003642875
22.545,0.003774972
22.55,0.003967225
22.555,0.003976302
22.56,0.003929678
22.565,0.003966628
22.57,0.004035808
22.575,0.004106765
22.58,0.004092146
22.585,0.004056221
22.59,0.004070899
22.595,0.004034483
22.6,0.003931732
22.605,0.00391836
22.61,0.003942314
22.615,0.003891881
22.62,0.003810081
22.625,0.003707456
22.63,0.003563317
22.635,0.003397568
22.64,0.003176597
22.645,0.002895779
22.65,0.002565612
22.655,0.002258678
22.66,0.001981342
22.665,0.001703804
22.67,0.001158733
22.675,0.000314741
22.68,-0.000191146
22.685,-0.000508868
22.69,-0.000910787
22.695,-0.001247876
22.7,-0.00149424
22.705,-0.00192873
22.71,-0.00239772
22.715,-0.00254817
22.72,-0.002825682
22.725,-0.003369478
22.73,-0.003701698
22.735,-0.003892552
22.74,-0.004087918
22.745,-0.004357197
22.75,-0.00469553
22.755,-0.004853378
22.76,-0.004994862
22.765,-0.005491574
22.77,-0.005675813
22.775,-0.005324382
22.78,-0.005196583
22.785,-0.005305884
22.79,-0.005348839
22.795,-0.005135926
22.8,-0.004701175
22.805,-0.004595706
22.81,-0.004712731
22.815,-0.004530783
22.82,-0.004299024
22.825,-0.004170705
22.83,-0.0039807
22.835,-0.003762301
22.84,-0.003720529
22.845,-0.003655021
22.85,-0.00342931
22.855,-0.003359477
22.86,-0.003424202
22.865,-0.003382752
22.87,-0.003224835
22.875,-0.00289694
22.88,-0.002588362
22.885,-0.002375523
22.89,-0.002302441
22.895,-0.002187564
22.9,-0.001915229
22.905,-0.001701666
22.91,-0.001551067
22.915,-0.001324507
22.92,-0.001105799
22.925,-0.001014618
22.93,-0.00099839
22.935,-0.00100313
22.94,-0.001010949
22.945,-0.000950111
22.95,-0.000715237
22.955,-0.000482633
22.96,-0.000315022
22.965,-0.000207549
22.97,-0.00017073
22.975,-0.000241783
22.98,-0.00021875
22.985,-5.77E-05
22.99,-4.91E-05
22.995,-5.28E-05
23,0.000150235
23.005,0.000287519
23.01,0.000285356
23.015,0.000385018
23.02,0.000553085
23.025,0.000740767
23.03,0.000875152
23.035,0.000938647
23.04,0.001040934
23.045,0.001176888
23.05,0.001343341
23.055,0.001314209
23.06,0.001097518
23.065,0.00136048
23.07,0.001822529
23.075,0.002067154
23.08,0.002191247
23.085,0.002224816
23.09,0.002172662
23.095,0.002114924
23.1,0.002277827
23.105,0.002483599
23.11,0.002637651
23.115,0.002749395
23.12,0.002837591
23.125,0.002981104
23.13,0.003142766
23.135,0.003317279
23.14,0.003620532
23.145,0.003968687
23.15,0.00405706
23.155,0.004163785
23.16,0.004474883
23.165,0.004658232
23.17,0.004704573
23.175,0.004773356
23.18,0.004917668
23.185,0.005172672
23.19,0.005307073
23.195,0.005326084
23.2,0.005392333
23.205,0.005517252
23.21,0.005720594
23.215,0.005946623
23.22,0.006140057
23.225,0.00611202
23.23,0.006046124
23.235,0.006131149
23.24,0.006119289
23.245,0.005930114
23.25,0.005717064
23.255,0.005477218
23.26,0.005126794
23.265,0.004922773
23.27,0.004920226
23.275,0.004733864
23.28,0.004416862
23.285,0.003992629
23.29,0.00349728
23.295,0.003001247
23.3,0.002785955
23.305,0.00264872
23.31,0.002226055
23.315,0.001759464
23.32,0.001373157
23.325,0.001146412
23.33,0.000851287
23.335,0.000238542
23.34,-0.000242708
23.345,-0.000454273
23.35,-0.000658936
23.355,-0.000932486
23.36,-0.001290679
23.365,-0.001798225
23.37,-0.002426002
23.375,-0.002685145
23.38,-0.002814015
23.385,-0.003144252
23.39,-0.003516321
23.395,-0.003864821
23.4,-0.004129976
23.405,-0.004350548
23.41,-0.004560169
23.415,-0.004802945
23.42,-0.005079836
23.425,-0.00525844
23.43,-0.005446146
23.435,-0.005779487
23.44,-0.005972952
23.445,-0.005952334
23.45,-0.006039214
23.455,-0.006092342
23.46,-0.005851454
23.465,-0.005749419
23.47,-0.00591977
23.475,-0.006001053
23.48,-0.005922111
23.485,-0.005684439
23.49,-0.005519601
23.495,-0.005485233
23.5,-0.005424099
23.505,-0.005307271
23.51,-0.005124344
23.515,-0.004943083
23.52,-0.004748814
23.525,-0.004394349
23.53,-0.003991217
23.535,-0.00365838
23.54,-0.003358011
23.545,-0.003068219
23.55,-0.002671735
23.555,-0.002319508
23.56,-0.00243432
23.565,-0.002470015
23.57,-0.002194591
23.575,-0.001902738
23.58,-0.001665395
23.585,-0.001494374
23.59,-0.001351194
23.595,-0.001234386
23.6,-0.001137704
23.605,-0.001004274
23.61,-0.000655773
23.615,-0.000343631
23.62,-0.000143451
23.625,0.000222218
23.63,0.00064864
23.635,0.000938819
23.64,0.001074242
23.645,0.001092664
23.65,0.00132522
23.655,0.001712473
23.66,0.001925704
23.665,0.002015384
23.67,0.002059377
23.675,0.002172464
23.68,0.002337801
23.685,0.002461942
23.69,0.002582896
23.695,0.002719585
23.7,0.002782288
23.705,0.002766793
23.71,0.002664185
23.715,0.002610275
23.72,0.002676957
23.725,0.002516331
23.73,0.002222436
23.735,0.002293971
23.74,0.002375755
23.745,0.00223462
23.75,0.002226498
23.755,0.002334321
23.76,0.002288288
23.765,0.002208388
23.77,0.002176245
23.775,0.002098573
23.78,0.001990033
23.785,0.001946239
23.79,0.001821361
23.795,0.00150068
23.8,0.001541941
23.805,0.00186045
23.81,0.001871033
23.815,0.001875076
23.82,0.002074838
23.825,0.001855221
23.83,0.001356101
23.835,0.001329614
23.84,0.001358773
23.845,0.001151096
23.85,0.00100987
23.855,0.000971765
23.86,0.000997488
23.865,0.000761739
23.87,-2.96E-05
23.875,-0.000287676
23.88,-5.37E-05
23.885,-0.0002273
23.89,-0.00057876
23.895,-0.00094165
23.9,-0.001149527
23.905,-0.001198882
23.91,-0.001121605
23.915,-0.001033757
23.92,-0.000974143
23.925,-0.001013475
23.93,-0.001093877
23.935,-0.000955155
23.94,-0.000762881
23.945,-0.00058245
23.95,-0.000383261
23.955,-0.000188331
23.96,-1.97E-05
23.965,9.17E-05
23.97,0.00010929
23.975,0.000302628
23.98,0.000602243
23.985,0.000586056
23.99,0.000515221
23.995,0.000553245
24,0.000699777
24.005,0.000878574
24.01,0.000840091
24.015,0.000686653
24.02,0.000505114
24.025,0.000359194
24.03,0.000253607
24.035,0.000174693
24.04,8.79E-05
24.045,-2.54E-05
24.05,-2.34E-06
24.055,0.000130885
24.06,0.000247183
24.065,0.000389153
24.07,0.00063024
24.075,0.000878708
24.08,0.001054209
24.085,0.000973755
24.09,0.000955189
24.095,0.001199295
24.1,0.001280996
24.105,0.001206918
24.11,0.001274514
24.115,0.001307929
24.12,0.001067727
24.125,0.000820596
24.13,0.00063206
24.135,0.000341624
24.14,2.60E-06
24.145,-0.000357558
24.15,-0.000646947
24.155,-0.000867945
24.16,-0.00107492
24.165,-0.001289568
24.17,-0.001500744
24.175,-0.001598439
24.18,-0.001603868
24.185,-0.001574475
24.19,-0.001580246
24.195,-0.001689051
24.2,-0.001905509
24.205,-0.002161963
24.21,-0.002326701
24.215,-0.002446511
24.22,-0.002507578
24.225,-0.002443469
24.23,-0.002327483
24.235,-0.002326212
24.24,-0.002328212
24.245,-0.002251042
24.25,-0.002187538
24.255,-0.002104152
24.26,-0.001778078
24.265,-0.001538319
24.27,-0.001657345
24.275,-0.001811628
24.28,-0.001873173
24.285,-0.001756872
24.29,-0.001610235
24.295,-0.001451542
24.3,-0.001191401
24.305,-0.000946025
24.31,-0.001070499
24.315,-0.001088686
24.32,-0.000626708
24.325,-0.000205096
24.33,5.83E-05
24.335,0.00022599
24.34,0.000414269
24.345,0.000737881
24.35,0.001067517
24.355,0.001361372
24.36,0.001647072
24.365,0.00192509
24.37,0.002196498
24.375,0.002465873
24.38,0.002767614
24.385,0.00326141
24.39,0.003735039
24.395,0.003938668
24.4,0.004040786
24.405,0.004077866
24.41,0.004048187
24.415,0.004052302
24.42,0.004149504
24.425,0.003988055
24.43,0.003526483
24.435,0.003447772
24.44,0.003528077
24.445,0.003392767
24.45,0.003201938
24.455,0.002996062
24.46,0.002695135
24.465,0.002401338
24.47,0.002228467
24.475,0.002026929
24.48,0.001792571
24.485,0.00179091
24.49,0.001833394
24.495,0.001686063
24.5,0.001455978
24.505,0.001181196
24.51,0.000944018
24.515,0.000787628
24.52,0.000729149
24.525,0.000473063
24.53,-6.13E-05
24.535,-0.000514287
24.54,-0.000811988
24.545,-0.000979874
24.55,-0.001300908
24.555,-0.001846583
24.56,-0.002346062
24.565,-0.002651824
24.57,-0.002642522
24.575,-0.002639582
24.58,-0.002774304
24.585,-0.003115341
24.59,-0.003383708
24.595,-0.003288422
24.6,-0.003364149
24.605,-0.003715192
24.61,-0.003755536
24.615,-0.00360831
24.62,-0.003486115
24.625,-0.003414577
24.63,-0.003356121
24.635,-0.003088699
24.64,-0.002843549
24.645,-0.002889051
24.65,-0.002954212
24.655,-0.002912073
24.66,-0.002631357
24.665,-0.002295332
24.67,-0.00212435
24.675,-0.001860978
24.68,-0.001459697
24.685,-0.00130318
24.69,-0.001228148
24.695,-0.000898282
24.7,-0.000675041
24.705,-0.00067471
24.71,-0.000517166
24.715,-0.000224076
24.72,1.17E-05
24.725,0.000234777
24.73,0.000474085
24.735,0.000556333
24.74,0.000572463
24.745,0.000908639
24.75,0.001283786
24.755,0.001533146
24.76,0.00170542
24.765,0.001831574
24.77,0.00197707
24.775,0.002015252
24.78,0.00181188
24.785,0.001806196
24.79,0.001986025
24.795,0.001962123
24.8,0.00186102
24.805,0.00182012
24.81,0.001750859
24.815,0.001645065
24.82,0.00158408
24.825,0.001503339
24.83,0.00130161
24.835,0.000995671
24.84,0.000620716
24.845,0.000402847
24.85,0.000296581
24.855,0.00022441
24.86,0.000114426
24.865,-6.16E-05
24.87,-0.00025757
24.875,-0.000351088
24.88,-0.000212414
24.885,-0.000262592
24.89,-0.00058821
24.895,-0.000683156
24.9,-0.000622129
24.905,-0.000572046
24.91,-0.000497043
24.915,-0.000382847
24.92,-0.00026999
24.925,-0.000225338
24.93,-0.000449011
24.935,-0.000483722
24.94,-0.000179751
24.945,-3.81E-05
24.95,-1.46E-05
24.955,3.82E-05
24.96,2.74E-05
24.965,-6.37E-05
24.97,-1.75E-05
24.975,0.000111678
24.98,0.000283202
24.985,0.000374822
24.99,0.000351307
24.995,0.000357941
25,0.000454232
25.005,0.000799112
25.01,0.000959834
25.015,0.0008
25.02,0.000782521
25.025,0.000910941
25.03,0.00104032
25.035,0.001176889
25.04,0.001336565
25.045,0.001252482
25.05,0.000997303
25.055,0.000883092
25.06,0.000923822
25.065,0.001182804
25.07,0.001326938
25.075,0.001312291
25.08,0.001297107
25.085,0.001270375
25.09,0.001171935
25.095,0.001064881
25.1,0.000980279
25.105,0.000890206
25.11,0.000779565
25.115,0.000625425
25.12,0.000474704
25.125,0.000337991
25.13,0.000201722
25.135,6.21E-05
25.14,-0.000140994
25.145,-0.000388323
25.15,-0.000374918
25.155,-0.000293781
25.16,-0.000491298
25.165,-0.000706848
25.17,-0.000830837
25.175,-0.000932622
25.18,-0.001042535
25.185,-0.001186675
25.19,-0.001252332
25.195,-0.001217223
25.2,-0.001245554
25.205,-0.00130037
25.21,-0.00126071
25.215,-0.001174337
25.22,-0.00108186
25.225,-0.001071843
25.23,-0.001094909
25.235,-0.00109858
25.24,-0.001086704
25.245,-0.001060481
25.25,-0.001063976
25.255,-0.00104966
25.26,-0.000867718
25.265,-0.000738733
25.27,-0.000738953
25.275,-0.000637814
25.28,-0.000529804
25.285,-0.00071533
25.29,-0.000950994
25.295,-0.001092021
25.3,-0.001061794
25.305,-0.000976592
25.31,-0.00092615
25.315,-0.000918361
25.32,-0.00094829
25.325,-0.000875852
25.33,-0.000759199
25.335,-0.000673851
25.34,-0.000680883
25.345,-0.00077149
25.35,-0.00069828
25.355,-0.0004903
25.36,-0.000305991
25.365,-0.000243084
25.37,-0.000312606
25.375,-0.00044097
25.38,-0.000566418
25.385,-0.000542353
25.39,-0.000510286
25.395,-0.000533182
25.4,-0.000497568
25.405,-0.00045344
25.41,-0.000603533
25.415,-0.000824714
25.42,-0.001004632
25.425,-0.000952889
25.43,-0.000820904
25.435,-0.000777716
25.44,-0.000861629
25.445,-0.001067725
25.45,-0.001163625
25.455,-0.001167651
25.46,-0.001051824
25.465,-0.000922755
25.47,-0.000806967
25.475,-0.000560697
25.48,-0.000308669
25.485,-0.000294621
25.49,-0.000374695
25.495,-0.000462776
25.5,-0.000477412
25.505,-0.000425026
25.51,-0.000218303
25.515,-3.61E-05
25.52,4.02E-05
25.525,0.00012144
25.53,0.000195963
25.535,0.000179796
25.54,0.000140204
25.545,0.00011945
25.55,0.000139679
25.555,0.00018534
25.56,0.000202316
25.565,0.000250531
25.57,0.000353281
25.575,0.000440405
25.58,0.000514981
25.585,0.0006184
25.59,0.000637951
25.595,0.000550302
25.6,0.000550994
25.605,0.000613857
25.61,0.000673104
25.615,0.00070776
25.62,0.000739466
25.625,0.000900619
25.63,0.001076624
25.635,0.001145159
25.64,0.001182549
25.645,0.001197067
25.65,0.001131025
25.655,0.001069232
25.66,0.001093469
25.665,0.001113533
25.67,0.001116238
25.675,0.001180536
25.68,0.001244564
25.685,0.001238489
25.69,0.001224965
25.695,0.001230003
25.7,0.001260821
25.705,0.001239338
25.71,0.001081746
25.715,0.001014011
25.72,0.001025125
25.725,0.000898149
25.73,0.000769349
25.735,0.000719142
25.74,0.000695943
25.745,0.000668319
25.75,0.00057736
25.755,0.000499652
25.76,0.000476697
25.765,0.000523808
25.77,0.000613889
25.775,0.000686836
25.78,0.000701127
25.785,0.000662307
25.79,0.0006607
25.795,0.000685509
25.8,0.000724145
25.805,0.000717201
25.81,0.000648318
25.815,0.000598732
25.82,0.00056154
25.825,0.000506784
25.83,0.000480465
25.835,0.000487231
25.84,0.000432267
25.845,0.000355969
25.85,0.000310279
25.855,0.000238943
25.86,0.000133943
25.865,8.14E-05
25.87,5.61E-05
25.875,1.25E-05
25.88,-7.17E-05
25.885,-0.000162618
25.89,-0.000170651
25.895,-0.000168074
25.9,-0.000183752
25.905,-0.00016017
25.91,-0.000120933
25.915,-0.000146779
25.92,-0.000176254
25.925,-0.00017705
25.93,-0.000168549
25.935,-0.000161787
25.94,-0.000184515
25.945,-0.000199661
25.95,-0.000196086
25.955,-0.000207405
25.96,-0.000235542
25.965,-0.000282912
25.97,-0.000306022
25.975,-0.000293229
25.98,-0.000285271
25.985,-0.000294437
25.99,-0.000322843
25.995,-0.000333902
26,-0.000322184
26.005,-0.00032756
26.01,-0.000333949
26.015,-0.000316485
26.02,-0.000305439
26.025,-0.000309729
26.03,-0.000310997
26.035,-0.000306398
26.04,-0.000300253
26.045,-0.000311451
26.05,-0.000333764
26.055,-0.000352096
26.06,-0.000343374
26.065,-0.000287677
26.07,-0.000299187
26.075,-0.000363601
26.08,-0.000380438
26.085,-0.000391722
26.09,-0.000429709
26.095,-0.000435902
26.1,-0.000420649
26.105,-0.000448092
26.11,-0.000464354
26.115,-0.00044639
26.12,-0.000450394
26.125,-0.000464255
26.13,-0.00042826
26.135,-0.000402519
26.14,-0.000409944
26.145,-0.000396209
26.15,-0.00037099
26.155,-0.000358417
26.16,-0.000351647
26.165,-0.000343629
26.17,-0.000322846
26.175,-0.000300632
26.18,-0.000287715
26.185,-0.000273337
26.19,-0.000253774
26.195,-0.000227702
26.2,-0.000208813
26.205,-0.000209157
26.21,-0.000201119
26.215,-0.00018216
26.22,-0.00016488
26.225,-0.000144976
26.23,-0.000118179
26.235,-0.000108719
26.24,-0.000112173
26.245,-0.000105458
26.25,-9.66E-05
26.255,-9.16E-05
26.26,-8.62E-05
26.265,-7.81E-05
26.27,-6.24E-05
26.275,-4.72E-05
26.28,-3.70E-05
26.285,-3.33E-05
26.29,-3.26E-05
26.295,-2.65E-05
26.3,-1.48E-05
26.305,1.09E-06
26.31,1.76E-05
26.315,3.14E-05
26.32,3.53E-05
26.325,4.02E-05
26.33,4.91E-05
26.335,5.09E-05
26.34,5.01E-05
26.345,5.25E-05
26.35,5.75E-05
26.355,6.46E-05
26.36,7.20E-05
26.365,7.73E-05
26.37,7.86E-05
26.375,7.86E-05
26.38,7.86E-05
26.385,8.16E-05
26.39,8.49E-05
26.395,8.59E-05
26.4,8.72E-05
26.405,8.96E-05
26.41,9.28E-05
26.415,9.70E-05
26.42,0.000102701
26.425,0.000103097
26.43,9.98E-05
26.435,9.91E-05
26.44,9.90E-05
26.445,9.78E-05
26.45,9.76E-05
26.455,9.83E-05
26.46,9.72E-05
26.465,9.70E-05
26.47,9.96E-05
26.475,0.000100393
26.48,9.90E-05
26.485,9.72E-05
26.49,9.55E-05
26.495,9.43E-05
26.5,9.41E-05
26.505,9.44E-05
26.51,9.30E-05
26.515,9.16E-05
26.52,9.06E-05
26.525,8.92E-05
26.53,8.73E-05
26.535,8.53E-05
26.54,8.35E-05
26.545,8.21E-05
26.55,8.07E-05
26.555,7.90E-05
26.56,7.63E-05
26.565,7.42E-05
26.57,7.28E-05
26.575,7.06E-05
26.58,6.79E-05
26.585,6.54E-05
26.59,6.33E-05
26.595,6.12E-05
26.6,5.91E-05
26.605,5.68E-05
26.61,5.45E-05
26.615,5.24E-05
26.62,5.03E-05
26.625,4.84E-05
26.63,4.64E-05
26.635,4.44E-05
26.64,4.24E-05
26.645,4.03E-05
26.65,3.82E-05
26.655,3.63E-05
26.66,3.42E-05
26.665,3.21E-05
26.67,3.03E-05
26.675,2.85E-05
26.68,2.67E-05
26.685,2.50E-05
26.69,2.34E-05
26.695,2.18E-05
26.7,2.02E-05
26.705,1.86E-05
26.71,1.71E-05
26.715,1.56E-05
26.72,1.41E-05
26.725,1.27E-05
26.73,1.12E-05
26.735,9.80E-06
26.74,8.39E-06
26.745,6.99E-06
26.75,5.60E-06
26.755,4.23E-06
26.76,2.87E-06
26.765,1.52E-06
26.77,1.82E-07
26.775,-1.14E-06
26.78,-2.45E-06
26.785,-3.73E-06
26.79,-5.01E-06
26.795,-6.26E-06
26.8,-7.50E-06
26.805,-8.72E-06
26.81,-9.92E-06
26.815,-1.11E-05
26.82,-1.23E-05
26.825,-1.34E-05
26.83,-1.45E-05
26.835,-1.56E-05
