0.02,1.58E-05
0.04,1.56E-05
0.06,1.55E-05
0.08,1.53E-05
0.1,1.52E-05
0.12,1.50E-05
0.14,1.49E-05
0.16,1.48E-05
0.18,1.47E-05
0.2,1.45E-05
0.22,1.44E-05
0.24,1.42E-05
0.26,1.41E-05
0.28,1.39E-05
0.3,1.38E-05
0.32,1.36E-05
0.34,1.35E-05
0.36,1.34E-05
0.38,1.32E-05
0.4,1.31E-05
0.42,1.30E-05
0.44,1.31E-05
0.46,1.30E-05
0.48,1.28E-05
0.5,1.31E-05
0.52,1.29E-05
0.54,1.29E-05
0.56,1.23E-05
0.58,1.23E-05
0.6,1.21E-05
0.62,1.15E-05
0.64,1.14E-05
0.66,1.07E-05
0.68,1.05E-05
0.7,1.04E-05
0.72,1.02E-05
0.74,1.08E-05
0.76,1.06E-05
0.78,1.13E-05
0.8,1.12E-05
0.82,1.11E-05
0.84,1.10E-05
0.86,1.19E-05
0.88,1.08E-05
0.9,1.07E-05
0.92,1.06E-05
0.94,9.36E-06
0.96,9.20E-06
0.98,9.09E-06
1,8.94E-06
1.02,8.84E-06
1.04,8.70E-06
1.06,8.61E-06
1.08,9.98E-06
1.1,9.90E-06
1.12,9.80E-06
1.14,9.72E-06
1.16,9.60E-06
1.18,9.53E-06
1.2,9.42E-06
1.22,9.35E-06
1.24,9.24E-06
1.26,9.18E-06
1.28,6.95E-06
1.3,6.85E-06
1.32,6.71E-06
1.34,6.63E-06
1.36,6.49E-06
1.38,6.38E-06
1.4,6.27E-06
1.42,6.17E-06
1.44,8.73E-06
1.46,8.62E-06
1.48,8.53E-06
1.5,8.46E-06
1.52,8.35E-06
1.54,8.27E-06
1.56,8.17E-06
1.58,8.09E-06
1.6,4.73E-06
1.62,4.67E-06
1.64,4.52E-06
1.66,4.45E-06
1.68,4.31E-06
1.7,4.25E-06
1.72,4.12E-06
1.74,4.06E-06
1.76,7.87E-06
1.78,7.82E-06
1.8,7.72E-06
1.82,7.64E-06
1.84,7.53E-06
1.86,7.45E-06
1.88,2.87E-06
1.9,7.37E-06
1.92,7.24E-06
1.94,2.45E-06
1.96,2.35E-06
1.98,2.29E-06
2,2.18E-06
2.02,2.10E-06
2.04,2.01E-06
2.06,7.24E-06
2.08,7.12E-06
2.1,7.05E-06
2.12,6.95E-06
2.14,6.88E-06
2.16,6.80E-06
2.18,6.71E-06
2.2,6.05E-07
2.22,5.65E-07
2.24,4.82E-07
2.26,4.27E-07
2.28,3.28E-07
2.3,2.88E-07
2.32,6.79E-06
2.34,-1.57E-09
2.36,-6.72E-08
2.38,-1.23E-07
2.4,-2.23E-07
2.42,-2.66E-07
2.44,-3.33E-07
2.46,-3.72E-07
2.48,7.03E-06
2.5,6.92E-06
2.52,6.81E-06
2.54,6.73E-06
2.56,6.62E-06
2.58,6.51E-06
2.6,6.39E-06
2.62,-1.95E-06
2.64,-1.99E-06
2.66,-2.03E-06
2.68,-2.09E-06
2.7,-2.14E-06
2.72,-2.19E-06
2.74,-2.23E-06
2.76,6.77E-06
2.78,6.64E-06
2.8,6.53E-06
2.82,6.43E-06
2.84,6.31E-06
2.86,6.19E-06
2.88,6.10E-06
2.9,5.98E-06
2.92,-4.13E-06
2.94,-4.14E-06
2.96,-4.19E-06
2.98,-1.46E-05
3,-1.45E-05
3.02,-1.44E-05
3.04,-1.43E-05
3.06,-3.45E-06
3.08,7.46E-06
3.1,7.30E-06
3.12,7.20E-06
3.14,7.06E-06
3.16,6.95E-06
3.18,6.80E-06
3.2,6.68E-06
3.22,6.54E-06
3.24,6.44E-06
3.26,6.28E-06
3.28,6.19E-06
3.3,6.04E-06
3.32,-6.55E-06
3.34,-6.51E-06
3.36,-6.53E-06
3.38,-1.93E-05
3.4,-1.92E-05
3.42,-1.90E-05
3.44,-5.70E-06
3.46,7.59E-06
3.48,7.46E-06
3.5,7.29E-06
3.52,7.16E-06
3.54,7.00E-06
3.56,6.84E-06
3.58,6.70E-06
3.6,6.54E-06
3.62,-7.93E-06
3.64,-7.88E-06
3.66,-2.25E-05
3.68,-3.70E-05
3.7,-0.000110887
3.72,-0.000169348
3.74,-0.000182543
3.76,-2.11E-04
3.78,-0.000177536
3.8,-8.27E-05
3.82,-8.19E-05
3.84,-6.50E-05
3.86,-4.86E-05
3.88,-0.000176079
3.9,-0.000528445
3.92,-0.000780622
3.94,-0.000541471
3.96,-0.000436481
3.98,-0.000580078
4,-0.000169774
4.02,0.00050605
4.04,0.000481457
4.06,-0.000124126
4.08,-0.001064619
4.1,-0.001569699
4.12,-0.00088277
4.14,-5.06E-05
4.16,-0.000388044
4.18,-9.32E-05
4.2,0.002115486
4.22,0.002243228
4.24,-0.001150384
4.26,-0.003785658
4.28,-0.003304268
4.3,-0.001983457
4.32,-0.002256298
4.34,-0.001240104
4.36,0.000496059
4.38,4.72E-05
4.4,-0.002537464
4.42,-0.005565618
4.44,-0.003125967
4.46,0.002263055
4.48,0.003638343
4.5,0.003438816
4.52,0.006576675
4.54,0.009430427
4.56,0.005629762
4.58,0.004488527
4.6,0.002620813
4.62,-0.004609772
4.64,-0.007656592
4.66,0.000427255
4.68,0.01045898
4.7,0.001394807
4.72,-0.005794678
4.74,0.003114001
4.76,0.01121173
4.78,0.01714699
4.8,0.02567068
4.82,0.02646377
4.84,0.01284081
4.86,0.000566504
4.88,-0.003398569
4.9,-0.001997586
4.92,0.008971359
4.94,0.000281917
4.96,-0.03231239
4.98,-0.03897224
5,-0.02807645
5.02,-0.01695148
5.04,-0.007254963
5.06,-0.000433802
5.08,0.000519944
5.1,-0.01577692
5.12,-0.02381198
5.14,-0.01839411
5.16,-0.009550652
5.18,0.004561168
5.2,0.01025161
5.22,-0.000325005
5.24,-0.01198913
5.26,-0.01146682
5.28,-0.008356689
5.3,-0.00592982
5.32,-0.001438366
5.34,-0.001025857
5.36,-0.002439666
5.38,-0.008749416
5.4,-0.01943964
5.42,-0.01404503
5.44,0.02349198
5.46,0.0574912
5.48,0.03920712
5.5,0.001649649
5.52,-0.01159464
5.54,0.007456703
5.56,0.02695934
5.58,0.01191796
5.6,-0.01001776
5.62,-0.02021762
5.64,-0.02362463
5.66,-0.01075872
5.68,-0.007629825
5.7,-0.002866629
5.72,0.01364974
5.74,0.01767326
5.76,0.02588709
5.78,0.02993785
5.8,0.02806606
5.82,0.03512191
5.84,0.006424006
5.86,-0.02228665
5.88,-0.03576389
5.9,-0.02358041
5.92,0.02465109
5.94,0.01881589
5.96,0.007900274
5.98,0.01329111
6,0.01150818
6.02,0.02192016
6.04,0.004965374
6.06,-0.01781518
6.08,-0.02329709
6.1,-0.0202726
6.12,-0.01234486
6.14,-0.02688692
6.16,-0.02635079
6.18,-0.01386938
6.2,-0.01309745
6.22,0.007414751
6.24,0.02216745
6.26,0.02105658
6.28,0.01529671
6.3,-0.000800688
6.32,-0.004231008
6.34,0.01523234
6.36,0.02361101
6.38,0.01662153
6.4,0.01489726
6.42,0.01446665
6.44,-0.01083002
6.46,-0.02529774
6.48,-0.003676814
6.5,0.03429009
6.52,0.02617413
6.54,-0.0236957
6.56,-0.04108744
6.58,-0.0141818
6.6,0.003464096
6.62,-0.01378258
6.64,-0.02549856
6.66,0.01218299
6.68,0.04115832
6.7,-0.001075453
6.72,-0.06019417
6.74,-0.06865505
6.76,-0.01190004
6.78,0.02569267
6.8,-0.000889847
6.82,-0.007162241
6.84,0.02392082
6.86,0.04591344
6.88,0.03029797
6.9,-0.01620557
6.92,-0.0210572
6.94,0.04522041
6.96,0.08617706
6.98,0.04822208
7,0.01253254
7.02,0.03972169
7.04,0.08790171
7.06,0.07702243
7.08,0.007572628
7.1,-0.03123926
7.12,-0.009015602
7.14,0.01671034
7.16,0.003604839
7.18,-0.01332729
7.2,0.002493024
7.22,0.04484604
7.24,0.1022646
7.26,0.1602632
7.28,0.194929
7.3,0.2146284
7.32,0.2419681
7.34,0.2683092
7.36,0.2860493
7.38,0.3076672
7.4,0.2871286
7.42,0.1708921
7.44,0.02578105
7.46,-0.09229579
7.48,-0.2168728
7.5,-0.3839033
7.52,-0.5037678
7.54,-0.5373716
7.56,-0.5339842
7.58,-0.5296601
7.6,-0.5436259
7.62,-0.5848025
7.64,-0.615895
7.66,-0.5291564
7.68,-0.3103697
7.7,-0.0891972
7.72,0.04817499
7.74,0.1170388
7.76,0.1840117
7.78,0.224235
7.8,0.2209153
7.82,0.2157534
7.84,0.2067029
7.86,0.1769669
7.88,0.1241421
7.9,0.05601865
7.92,0.01377516
7.94,0.03838656
7.96,0.08547199
7.98,0.1189306
8,0.153815
8.02,0.1816862
8.04,0.2041289
8.06,0.2216256
8.08,0.2359894
8.1,0.2634335
8.12,0.3162266
8.14,0.3825011
8.16,0.434189
8.18,0.4485486
8.2,0.4352157
8.22,0.4197429
8.24,0.4168824
8.26,0.4112687
8.28,0.3530597
8.3,0.2163161
8.32,0.0333624
8.34,-0.1468267
8.36,-0.2906743
8.38,-0.3734452
8.4,-0.4212463
8.42,-0.4637439
8.44,-0.5053345
8.46,-0.5644008
8.48,-0.6362663
8.5,-0.7076079
8.52,-0.7794396
8.54,-0.8213275
8.56,-0.7964011
8.58,-0.6716341
8.6,-0.4734607
8.62,-0.286244
8.64,-0.1409687
8.66,-0.02513705
8.68,0.05395564
8.7,0.09560176
8.72,0.1425101
8.74,0.2197034
8.76,0.2923093
8.78,0.3416482
8.8,0.3817499
8.82,0.3873526
8.84,0.3476172
8.86,0.2961341
8.88,0.2358957
8.9,0.1416604
8.92,0.02804082
8.94,-0.05146517
8.96,-0.07947497
8.98,-0.09591863
9,-0.1183554
9.02,-0.1294346
9.04,-0.1328081
9.06,-0.1467709
9.08,-0.1522222
9.1,-0.1354402
9.12,-0.08733932
9.14,0.007045269
9.16,0.09102253
9.18,0.1231193
9.2,0.1520034
9.22,0.1684017
9.24,0.1253646
9.26,0.05994834
9.28,0.02535115
9.3,0.03144936
9.32,0.07586704
9.34,0.1286848
9.36,0.1545928
9.38,0.1720606
9.4,0.2045838
9.42,0.2462323
9.44,0.2843514
9.46,0.3072738
9.48,0.3019163
9.5,0.263859
9.52,0.2121532
9.54,0.1670062
9.56,0.1223279
9.58,0.07291752
9.6,0.03565297
9.62,0.0255551
9.64,0.02825836
9.66,0.01614197
9.68,0.00944892
9.7,0.03668257
9.72,0.06104904
9.74,0.06145238
9.76,0.03585057
9.78,0.0197814
9.8,0.04877275
9.82,0.074669
9.84,0.0439159
9.86,0.02879003
9.88,0.03693545
9.9,-0.03315208
9.92,-1.42E-01
9.94,-0.1718619
9.96,-0.126623
9.98,-0.07057125
10,-0.04716852
10.02,-0.02797678
10.04,0.003300633
10.06,0.003142859
10.08,0.004255882
10.1,0.07958455
10.12,0.178904
10.14,0.2307548
10.16,0.2089296
10.18,0.1342847
10.2,0.06201059
10.22,-0.005402761
10.24,-0.07863908
10.26,-0.1721516
10.28,-0.2869047
10.3,-0.3947949
10.32,-0.4764262
10.34,-0.5362965
10.36,-0.5942062
10.38,-0.6645514
10.4,-0.7194314
10.42,-0.6762268
10.44,-0.4861837
10.46,-0.2011127
10.48,0.0892322
10.5,0.2811205
10.52,0.2974018
10.54,0.3243326
10.56,0.4335601
10.58,0.3999323
10.6,0.2551959
10.62,0.1279033
10.64,-0.004392864
10.66,-0.1555273
10.68,-0.2687244
10.7,-0.308888
10.72,-0.292587
10.74,-0.20952
10.76,-0.07298112
10.78,0.07371122
10.8,0.2086041
10.82,0.3184005
10.84,0.4300385
10.86,0.5035987
10.88,0.5376463
10.9,0.5720422
10.92,0.5788649
10.94,0.5291149
10.96,0.4450673
10.98,0.3473024
11,0.248807
11.02,0.1534731
11.04,0.0245326
11.06,-0.1533309
11.08,-0.2997856
11.1,-0.3408597
11.12,-0.28629
11.14,-0.2348379
11.16,-0.2516777
11.18,-0.3210837
11.2,-0.3656918
11.22,-0.3176233
11.24,-0.1920446
11.26,-0.05788939
11.28,0.01839286
11.3,0.02353909
11.32,0.02751657
11.34,0.02770821
11.36,-0.001045574
11.38,-0.03225133
11.4,-0.05876334
11.42,-0.08872475
11.44,-0.098466
11.46,-0.03225411
11.48,0.08534486
11.5,0.1676203
11.52,0.1949675
11.54,0.2256909
11.56,0.3199828
11.58,0.4226589
11.6,0.4572235
11.62,0.3850758
11.64,0.2198599
11.66,0.02423141
11.68,-0.1619939
11.7,-0.3249252
11.72,-0.4565612
11.74,-0.5407536
11.76,-0.5390743
11.78,-0.4369418
11.8,-0.3266997
11.82,-0.2546445
11.84,-0.1864296
11.86,-0.1128124
11.88,-0.04704528
11.9,0.0213236
11.92,0.03066104
11.94,-0.06962314
11.96,-0.1936533
11.98,-0.2547466
12,-0.2128574
12.02,-0.1143925
12.04,-0.04078602
12.06,0.04630278
12.08,0.1765225
12.1,0.3111875
12.12,0.3994654
12.14,0.4215553
12.16,0.4176593
12.18,0.3960046
12.2,0.3652445
12.22,0.3335769
12.24,0.2964731
12.26,0.2589945
12.28,0.199324
12.3,0.08749756
12.32,-0.04515062
12.34,-0.1680646
12.36,-0.2738216
12.38,-0.3570678
12.4,-0.3948127
12.42,-0.3538305
12.44,-0.25446
12.46,-0.1670999
12.48,-0.09089909
12.5,0.000582435
12.52,0.05576239
12.54,0.0566904
12.56,0.02268804
12.58,-0.02591164
12.6,-0.07587571
12.62,-0.118663
12.64,-0.1448869
12.66,-0.1682588
12.68,-0.2029923
12.7,-0.2357835
12.72,-0.274489
12.74,-0.2766762
12.76,-0.2320512
12.78,-0.1812558
12.8,-0.1222793
12.82,-0.07296658
12.84,-0.05062009
12.86,-0.0301793
12.88,0.02064254
12.9,0.09507783
12.92,0.1734305
12.94,0.2444878
12.96,0.2964126
12.98,0.3188383
13,0.2976755
13.02,0.2375825
13.04,0.1792984
13.06,0.1517197
13.08,0.1364599
13.1,0.1155807
13.12,0.1030445
13.14,0.1090803
13.16,0.1151971
13.18,0.1208407
13.2,0.1262986
13.22,0.1257498
13.24,0.1280578
13.26,0.1339661
13.28,0.1304294
13.3,0.1025337
13.32,0.0435756
13.34,-0.04754956
13.36,-0.1561758
13.38,-0.2470768
13.4,-0.281409
13.42,-0.248603
13.44,-0.1884813
13.46,-0.1295593
13.48,-0.07709848
13.5,-0.04207429
13.52,-0.01053308
13.54,0.02552756
13.56,0.0671537
13.58,0.09691329
13.6,0.09244763
13.62,0.06600324
13.64,0.05478301
13.66,0.06550622
13.68,0.07985385
13.7,0.1030238
13.72,0.1358707
13.74,0.1488974
13.76,0.1138091
13.78,0.04781386
13.8,-0.02496451
13.82,-0.09832008
13.84,-0.1576091
13.86,-0.1918928
13.88,-0.2061303
13.9,-0.1922567
13.92,-0.1324606
13.94,-0.04645456
13.96,0.02599777
13.98,0.07469378
14,0.1103855
14.02,0.1361026
14.04,0.146076
14.06,0.1361298
14.08,0.1074625
14.1,0.05784404
14.12,-0.000223707
14.14,-0.05007202
14.16,-0.0905905
14.18,-0.1208397
14.2,-0.1411039
14.22,-0.1608104
14.24,-0.1830279
14.26,-0.1828369
14.28,-0.1483138
14.3,-0.1073882
14.32,-0.07038481
14.34,-0.02106361
14.36,0.04073166
14.38,0.1035035
14.4,0.1611525
14.42,0.1992729
14.44,0.209022
14.46,0.1921551
14.48,0.1435671
14.5,0.07729689
14.52,0.02401875
14.54,-0.001872781
14.56,-0.008407102
14.58,-0.02554585
14.6,-0.06798799
14.62,-0.1100195
14.64,-0.1317956
14.66,-0.146557
14.68,-0.1636058
14.7,-0.1595094
14.72,-0.1107877
14.74,-0.03819588
14.76,0.02662882
14.78,0.07398716
14.8,0.1076265
14.82,0.1335886
14.84,0.1554478
14.86,0.1653992
14.88,0.1504435
14.9,0.1206305
14.92,0.07786765
14.94,0.01938629
14.96,-0.01840079
14.98,-0.03393516
15,-0.04307992
15.02,-0.05039773
15.04,-0.0526927
15.06,-0.03154069
15.08,0.003055723
15.1,0.03285243
15.12,0.05716779
15.14,0.07280563
15.16,0.08335451
15.18,0.09051618
15.2,0.08113164
15.22,0.05679095
15.24,0.03064598
15.26,0.006099369
15.28,-0.02621549
15.3,-0.06000552
15.32,-0.07864385
15.34,-0.09466252
15.36,-0.1134745
15.38,-0.1097734
15.4,-0.0950402
15.42,-0.06930003
15.44,-0.03025878
15.46,0.002205495
15.48,0.02848712
15.5,0.0518036
15.52,0.06393156
15.54,0.06214082
15.56,0.06146804
15.58,0.07374566
15.6,0.07984679
15.62,0.06765906
15.64,0.05633
15.66,0.0528246
15.68,0.05165909
15.7,0.04699667
15.72,0.03882225
15.74,0.02177528
15.76,0.001735633
15.78,-0.0100574
15.8,-0.03411797
15.82,-0.06276685
15.84,-0.06604714
15.86,-0.06624262
15.88,-0.07495062
15.9,-0.06860696
15.92,-0.05978887
15.94,-0.06422103
15.96,-0.0720237
15.98,-0.0777794
16,-0.08123518
16.02,-0.07737446
16.04,-0.07533704
16.06,-0.07948783
16.08,-0.07067139
16.1,-0.04680011
16.12,-0.02832131
16.14,-0.01714191
16.16,-0.002527327
16.18,0.02413336
16.2,0.0533076
16.22,0.07523163
16.24,0.08496074
16.26,0.08732733
16.28,0.08554354
16.3,0.06759117
16.32,0.0401903
16.34,0.01706707
16.36,-0.01022099
16.38,-0.05019906
16.4,-0.0788052
16.42,-0.08909334
16.44,-0.09614549
16.46,-0.08869524
16.48,-0.0638373
16.5,-0.04410872
16.52,-0.02912652
16.54,-0.006846823
16.56,0.01725057
16.58,0.0279063
16.6,0.03982427
16.62,0.06646336
16.64,0.08484474
16.66,0.08148419
16.68,0.06368103
16.7,0.03697645
16.72,0.004727432
16.74,-0.02000561
16.76,-0.03464896
16.78,-0.05033882
16.8,-0.06925035
16.82,-0.0861022
16.84,-0.09621815
16.86,-0.09542215
16.88,-0.08063303
16.9,-0.05345688
16.92,-0.02987765
16.94,-0.01795314
16.96,-0.003208396
16.98,0.01942907
17,0.03644794
17.02,0.03430952
17.04,0.02503101
17.06,0.02965336
17.08,0.04309361
17.1,0.04541237
17.12,0.03555635
17.14,0.03198803
17.16,0.02882137
17.18,0.02029354
17.2,0.01646687
17.22,0.01314859
17.24,0.000100861
17.26,-0.02039166
17.28,-0.0359247
17.3,-0.04271362
17.32,-0.04746848
17.34,-0.05393918
17.36,-0.06054696
17.38,-0.05116374
17.4,-0.01672259
17.42,0.02822237
17.44,0.06642422
17.46,0.09505366
17.48,0.1123513
17.5,0.1088711
17.52,0.08924904
17.54,0.0706523
17.56,0.05518813
17.58,0.03327664
17.6,0.003770861
17.62,-0.02357785
17.64,-0.04164332
17.66,-0.04940257
17.68,-0.0560267
17.7,-0.07610178
17.72,-0.09350452
17.74,-0.08412676
17.76,-0.05746478
17.78,-0.03774585
17.8,-0.02715274
17.82,-0.01240375
17.84,0.009315572
17.86,0.01933091
17.88,0.006406689
17.9,-0.0174874
17.92,-0.03707044
17.94,-0.04599265
17.96,-0.05072323
17.98,-0.05652763
18,-0.06168883
18.02,-0.06781173
18.04,-0.06698963
18.06,-0.05085966
18.08,-0.02403154
18.1,0.006082704
18.12,0.03964408
18.14,0.07544206
18.16,0.1089889
18.18,0.1424803
18.2,0.1720889
18.22,0.1848567
18.24,0.184015
18.26,0.1826923
18.28,0.1796933
18.3,0.1605817
18.32,0.1239466
18.34,0.08456385
18.36,0.04906247
18.38,0.01392761
18.4,-0.01952818
18.42,-0.04638065
18.44,-0.06136093
18.46,-0.06704146
18.48,-0.06581656
18.5,-0.05728897
18.52,-0.04793378
18.54,-0.03965018
18.56,-0.02672232
18.58,-0.01513759
18.6,-0.01888577
18.62,-0.02737711
18.64,-0.02722831
18.66,-0.02772045
18.68,-0.03887986
18.7,-0.04939218
18.72,-0.04595298
18.74,-0.03285046
18.76,-0.02526008
18.78,-0.02548927
18.8,-0.01129071
18.82,0.02591501
18.84,0.06830516
18.86,0.09751301
18.88,0.1141821
18.9,0.121913
18.92,0.114085
18.94,0.09105251
18.96,0.05797826
18.98,0.01764846
19,-0.02077341
19.02,-0.04871094
19.04,-0.07003357
19.06,-0.09170587
19.08,-0.1091491
19.1,-0.1122348
19.12,-0.09960976
19.14,-0.07644802
19.16,-0.0488227
19.18,-0.0156945
19.2,0.01777467
19.22,0.045484
19.24,0.06487324
19.26,0.07165055
19.28,0.07301779
19.3,0.07842476
19.32,0.0802991
19.34,0.06819068
19.36,0.04897294
19.38,0.03337153
19.4,0.02223304
19.42,0.01557842
19.44,0.01521184
19.46,0.01510264
19.48,0.005350532
19.5,-0.008677133
19.52,-0.01657173
19.54,-0.0247677
19.56,-0.0372296
19.58,-0.04755002
19.6,-0.05933348
19.62,-0.07469599
19.64,-0.08606024
19.66,-0.09302173
19.68,-0.08866054
19.7,-0.06345772
19.72,-0.04185534
19.74,-0.03838484
19.76,-0.03506917
19.78,-0.02716715
19.8,-0.0197875
19.82,-0.01651995
19.84,-0.02368119
19.86,-0.03452099
19.88,-0.03135384
19.9,-0.0161591
19.92,0.000816614
19.94,0.01849669
19.96,0.0284065
19.98,0.02755266
20,0.0267842
20.02,0.02392884
20.04,0.01269632
20.06,0.001293932
20.08,-0.004027163
20.1,-0.01228842
20.12,-0.02397495
20.14,-0.02356948
20.16,-0.01546035
20.18,-0.01048171
20.2,-0.005343378
20.22,0.000288594
20.24,0.01021908
20.26,0.02393239
20.28,0.0307263
20.3,0.03039165
20.32,0.02610276
20.34,0.01136784
20.36,-0.00602411
20.38,-0.01527915
20.4,-0.02363335
20.42,-0.02989799
20.44,-0.02740235
20.46,-0.02690128
20.48,-0.03115802
20.5,-0.02963212
20.52,-0.02147969
20.54,-0.01684328
20.56,-0.01654767
20.58,-0.01334505
20.6,-0.004564753
20.62,0.001213989
20.64,-2.16E-05
20.66,4.22E-05
20.68,0.001751609
20.7,0.001073361
20.72,0.000960491
20.74,0.00111488
20.76,-0.003293284
20.78,-0.01241348
20.8,-0.0215492
20.82,-0.02620294
20.84,-0.02910959
20.86,-0.03052822
20.88,-0.02170933
20.9,-0.001128579
20.92,0.02086643
20.94,0.03548918
20.96,0.03793819
20.98,0.02517619
21,0.003625997
21.02,-0.01814725
21.04,-0.0356354
21.06,-0.04699991
21.08,-0.05480773
21.1,-0.05645631
21.12,-0.04422881
21.14,-0.02019532
21.16,0.007632081
21.18,0.03979344
21.2,0.07796728
21.22,0.1125302
21.24,0.136497
21.26,0.1495431
21.28,0.151362
21.3,0.1440105
21.32,0.1291317
21.34,0.103402
21.36,0.06717199
21.38,0.0281844
21.4,-0.01247415
21.42,-0.05383572
21.44,-0.0874274
21.46,-0.1126491
21.48,-0.1320351
21.5,-0.1358054
21.52,-0.1185303
21.54,-0.09202951
21.56,-0.06705667
21.58,-4.70E-02
21.6,-0.01982557
21.62,0.01772142
21.64,0.04970648
21.66,0.06848923
21.68,0.07739007
21.7,0.06884829
21.72,0.03885083
21.74,0.00450377
21.76,-0.02425644
21.78,-0.04966723
21.8,-0.06868294
21.82,-0.08266853
21.84,-0.0955344
21.86,-0.09940985
21.88,-0.08784724
21.9,-0.06371455
21.92,-0.03111339
21.94,0.003993607
21.96,0.03248582
21.98,0.05192882
22,0.06374176
22.02,0.06564418
22.04,0.05691143
22.06,0.04593401
22.08,0.03383544
22.1,0.01502423
22.12,-0.004542648
22.14,-0.01472855
22.16,-0.01682256
22.18,-0.01795902
22.2,-0.015378
22.22,-0.001421523
22.24,0.01811087
22.26,0.03177928
22.28,0.03513044
22.3,0.03296729
22.32,0.02874736
22.34,0.01759077
22.36,-0.001417229
22.38,-0.02269647
22.4,-0.04085113
22.42,-0.05164446
22.44,-0.04716099
22.46,-0.02472309
22.48,0.000439886
22.5,0.009808741
22.52,0.01516229
22.54,0.0327257
22.56,0.05108033
22.58,0.05693646
22.6,0.04816813
22.62,0.03089683
22.64,0.01285842
22.66,0.002525436
22.68,0.002934291
22.7,0.006188017
22.72,0.009348557
22.74,0.01497856
22.76,0.01794119
22.78,0.01090187
22.8,-0.001111415
22.82,-0.01052256
22.84,-0.0141541
22.86,-0.01192139
22.88,-0.01367011
22.9,-0.02433838
22.92,-0.03242185
22.94,-0.03075347
22.96,-0.02259771
22.98,-0.0120225
23,-0.003858667
23.02,-0.001419367
23.04,0.001865319
23.06,0.01069563
23.08,0.02084239
23.1,0.03012448
23.12,0.03724906
23.14,0.0385646
23.16,0.03541996
23.18,0.03145649
23.2,0.02601572
23.22,0.01552564
23.24,0.00091705
23.26,-0.01595278
23.28,-0.0338042
23.3,-0.0423019
23.32,-0.03656347
23.34,-0.02877829
23.36,-0.02984507
23.38,-0.03670443
23.4,-0.03902115
23.42,-0.03289417
23.44,-0.02184279
23.46,-0.008171317
23.48,0.007624732
23.5,0.01993141
23.52,0.02734605
23.54,0.03175899
23.56,0.03282538
23.58,0.03107743
23.6,0.02519416
23.62,0.01589958
23.64,0.01214517
23.66,0.01424451
23.68,0.0123614
23.7,0.01008635
23.72,0.01255578
23.74,0.01281943
23.76,8.18E-03
23.78,0.004599179
23.8,0.006870848
23.82,0.007898348
23.84,0.005965897
23.86,0.007000315
23.88,3.58E-03
23.9,-0.007888926
23.92,-0.01571453
23.94,-0.01689328
23.96,-0.01576895
23.98,-0.01334846
24,-0.007054553
24.02,-0.001689863
24.04,-0.004068167
24.06,-0.009139308
24.08,-0.01046799
24.1,-0.01024118
24.12,-0.01040757
24.14,-0.008700107
24.16,-0.008690496
24.18,-0.01090123
24.2,-0.008828957
24.22,-0.006488263
24.24,-0.006749752
24.26,-0.003982667
24.28,-0.00275667
24.3,-0.003756282
24.32,-0.002797073
24.34,-0.00453279
24.36,-0.01146965
24.38,-0.018536
24.4,-0.02128356
24.42,-0.01958986
24.44,-0.01388846
24.46,-0.004703895
24.48,0.008284537
24.5,2.25E-02
24.52,0.03356414
24.54,0.03865642
24.56,0.0384789
24.58,0.03119462
24.6,0.0177578
24.62,0.003858748
24.64,-0.009543848
24.66,-0.02425838
24.68,-0.03647279
24.7,-0.04373742
24.72,-0.04376251
24.74,-0.03534159
24.76,-0.02467211
24.78,-0.01572584
24.8,-0.005587519
24.82,0.00569564
24.84,0.01427141
24.86,0.01884648
24.88,0.02102595
24.9,0.02083385
24.92,0.01789424
24.94,0.01053367
24.96,9.74E-05
24.98,-0.006696784
25,-0.009715669
25.02,-0.01349272
25.04,-0.01554628
25.06,-0.01327574
25.08,-0.009264971
25.1,-0.003704189
25.12,0.00377069
25.14,0.007144478
25.16,0.004397604
25.18,0.001289416
25.2,-0.000272174
25.22,9.74E-05
25.24,0.001352842
25.26,8.54E-05
25.28,-0.003090585
25.3,-0.005622428
25.32,-0.004846053
25.34,9.36E-05
25.36,6.62E-03
25.38,0.01332857
25.4,0.02118786
25.42,0.02871654
25.44,0.03292722
25.46,0.03613275
25.48,0.03821066
25.5,0.03546811
25.52,0.02621997
25.54,0.0130829
25.56,0.002305499
25.58,-0.005311489
25.6,-0.01220086
25.62,-0.0177339
25.64,-0.0197059
25.66,-0.01774846
25.68,-0.0133155
25.7,-0.008245282
25.72,-0.003770325
25.74,0.001680335
25.76,0.009533024
25.78,0.01472849
25.8,0.01093597
25.82,0.000433372
25.84,-0.0104464
25.86,-0.01853465
25.88,-0.0195138
25.9,-0.01518987
25.92,-0.01186416
25.94,-0.008413923
25.96,-0.00192086
25.98,0.00527329
26,0.009823642
26.02,0.01065665
26.04,0.009930011
26.06,0.006826153
26.08,-0.001019994
26.1,-0.007543233
26.12,-0.00843144
26.14,-0.007056252
26.16,-0.005878186
26.18,-0.002850937
26.2,0.000956989
26.22,0.00229463
26.24,0.003802906
26.26,0.006023085
26.28,0.006143709
26.3,0.002634862
26.32,-0.002481865
26.34,-0.004329996
26.36,-0.004055888
26.38,-0.001993324
26.4,0.004185763
26.42,0.009229128
26.44,0.009917803
26.46,0.006999244
26.48,0.00414547
26.5,0.002971535
26.52,0.002457682
26.54,0.003650586
26.56,0.005928199
26.58,0.009857747
26.6,0.01607717
26.62,0.0217479
26.64,0.02503898
26.66,0.02644994
26.68,0.02300342
26.7,0.01275751
26.72,-0.000700186
26.74,-0.01423808
26.76,-0.02665991
26.78,-0.03528749
26.8,-0.0400246
26.82,-0.04621139
26.84,-0.05345574
26.86,-0.05447463
26.88,-0.04672919
26.9,-0.03328221
26.92,-0.02031986
26.94,-0.009184703
26.96,0.00270866
26.98,0.0132569
27,0.02190651
27.02,0.02902279
27.04,0.03253276
27.06,0.03054229
27.08,0.02447101
27.1,0.01657049
27.12,0.008253153
27.14,0.00063668
27.16,-0.006310071
27.18,-0.009868179
27.2,-0.008143446
27.22,-0.002950924
27.24,0.005409928
27.26,0.01406486
27.28,0.01662018
27.3,0.01544652
27.32,0.01493012
27.34,0.01324671
27.36,0.01125566
27.38,0.009520933
27.4,0.00539271
27.42,-0.000668874
27.44,-0.00584653
27.46,-0.007937406
27.48,-0.006289995
27.5,-0.002446344
27.52,0.001852766
27.54,0.004709532
27.56,0.007038285
27.58,0.01006263
27.6,0.0095732
27.62,0.004197636
27.64,-0.003074543
27.66,-0.009783344
27.68,-0.01532488
27.7,-0.01796935
27.72,-0.01457646
27.74,-0.005942571
27.76,0.004450908
27.78,0.01247716
27.8,0.0156323
27.82,0.01361199
27.84,0.007138302
27.86,-0.002131185
27.88,-0.01174485
27.9,-0.02011132
27.92,-0.02655686
27.94,-0.02945109
27.96,-0.02808217
27.98,-0.02399008
28,-0.01578007
28.02,-0.003264905
28.04,0.007807894
28.06,0.01510487
28.08,0.02110353
28.1,2.46E-02
28.12,0.02491317
28.14,0.02309444
28.16,0.01803488
28.18,0.01081639
28.2,0.005414658
28.22,0.005191252
28.24,0.007373921
28.26,0.005919949
28.28,0.000631632
28.3,-0.00488708
28.32,-0.006561937
28.34,-0.003956022
28.36,-0.001104692
28.38,0.000123063
28.4,-0.0003987
28.42,0.000247757
28.44,0.003564086
28.46,0.006049302
28.48,0.006344329
28.5,0.005967989
28.52,0.005689099
28.54,0.005171172
28.56,0.004543384
28.58,0.004927238
28.6,0.005178066
28.62,0.004301214
28.64,0.000476785
28.66,-0.008702781
28.68,-0.01909762
28.7,-0.02444573
28.72,-0.02331241
28.74,-0.01973354
28.76,-0.01886256
28.78,-0.01940099
28.8,-0.0170928
28.82,-0.01083889
28.84,-0.001359773
28.86,0.007162691
28.88,0.01205034
28.9,0.01601435
28.92,0.01938664
28.94,0.01993895
28.96,0.01759858
28.98,0.01259792
29,0.00796344
29.02,0.004062884
29.04,-0.000283196
29.06,-0.002933198
29.08,-0.003450238
29.1,-0.00216909
29.12,0.000681095
29.14,0.004107773
29.16,0.007181257
29.18,0.01020269
29.2,0.01262213
29.22,0.01138134
29.24,0.006268313
29.26,-0.000718084
29.28,-0.006234913
29.3,-0.008358289
29.32,-0.008765952
29.34,-0.01029741
29.36,-0.01138528
29.38,-0.01007792
29.4,-0.007461137
29.42,-0.002320544
29.44,0.002060968
29.46,0.001526527
29.48,0.000844996
29.5,0.003756039
29.52,0.003943306
29.54,0.002469809
29.56,0.003024682
29.58,0.00319863
29.6,0.001795682
29.62,0.001545768
29.64,0.00272131
29.66,0.004043779
29.68,0.005378091
29.7,0.0051358
29.72,0.001421848
29.74,-0.005080316
29.76,-0.009228737
29.78,-0.007720178
29.8,-0.005392833
29.82,-0.005199962
29.84,-0.004925108
29.86,-0.003190211
29.88,-0.000866663
29.9,0.000540698
29.92,0.000159756
29.94,-0.004356248
29.96,-0.01096179
29.98,-0.01368945
30,-0.01272034
30.02,-0.01069864
30.04,-0.006846143
30.06,-0.002387839
30.08,0.000475377
30.1,0.002800717
30.12,0.005924565
30.14,0.00565399
30.16,0.002146478
30.18,0.002200557
30.2,0.005131976
30.22,0.004539885
30.24,-0.00204506
30.26,-0.007815101
30.28,-0.007672248
30.3,-0.004851388
30.32,-0.001481989
30.34,0.000816734
30.36,0.001141995
30.38,0.001951013
30.4,0.005307486
30.42,0.008133367
30.44,0.008185613
30.46,0.007117209
30.48,0.00555323
30.5,0.002452635
30.52,-0.001003472
30.54,-0.000548554
30.56,0.002150564
30.58,0.003106272
30.6,0.003471005
30.62,0.004635141
30.64,0.006026927
30.66,0.008016184
30.68,0.009454308
30.7,0.007769379
30.72,0.003718003
30.74,-0.000138758
30.76,-0.003768738
30.78,-0.007777745
30.8,-0.009912644
30.82,-0.008741341
30.84,-0.005272288
30.86,-0.001491913
30.88,0.000928895
30.9,0.002262678
30.92,0.002607443
30.94,0.000197061
30.96,-0.00297619
30.98,-0.004752767
31,-0.006382956
31.02,-0.006915339
31.04,-0.006349929
31.06,-0.008606721
31.08,-0.01274747
31.1,-0.01486004
31.12,-0.01487962
31.14,-0.01423092
31.16,-0.01271186
31.18,-0.01008145
31.2,-0.007228875
31.22,-0.002793492
31.24,0.002871372
31.26,0.005851027
31.28,0.006211491
31.3,0.008133153
31.32,0.01164731
31.34,0.01523817
31.36,0.01759983
31.38,0.01728404
31.4,0.01491377
31.42,0.01153872
31.44,0.007087741
31.46,0.000997169
31.48,-0.005874746
31.5,-0.009460769
31.52,-0.009321874
31.54,-0.007852506
31.56,-0.004481098
31.58,-0.000880298
31.6,4.68E-04
31.62,0.002228632
31.64,0.004878733
31.66,0.006078489
31.68,0.005598439
31.7,0.00453279
31.72,0.002900411
31.74,-0.000265392
31.76,-0.004081073
31.78,-0.006746805
31.8,-0.007832626
31.82,-0.006337326
31.84,-0.001723129
31.86,0.003329953
31.88,0.00862555
31.9,0.01276659
31.92,0.01348052
31.94,0.01296915
31.96,0.01077532
31.98,0.006446117
32,0.003024415
32.02,0.000516724
32.04,-0.000887221
32.06,0.000464206
32.08,0.003531483
32.1,0.005500932
32.12,0.004653919
32.14,0.003596492
32.16,0.003942182
32.18,0.004388371
32.2,0.003834481
32.22,0.003122388
32.24,0.003230553
32.26,0.002393876
32.28,0.000940732
32.3,0.000375493
32.32,-0.000131231
32.34,-0.002416516
32.36,-0.004607923
32.38,-0.003886657
32.4,-0.002548626
32.42,-0.001607802
32.44,0.001133296
32.46,0.002394533
32.48,-0.000839342
32.5,-0.003393507
32.52,-0.004000842
32.54,-0.004748884
32.56,-0.005559369
32.58,-0.004582728
32.6,-0.001566966
32.62,0.001596679
32.64,0.00340284
32.66,0.003596568
32.68,0.002971101
32.7,0.003692532
32.72,0.00486883
32.74,0.004423698
32.76,0.00365839
32.78,0.004634357
32.8,0.005646244
32.82,0.005241933
32.84,0.003362019
32.86,0.002169323
32.88,0.002139128
32.9,0.002441589
32.92,0.002007235
32.94,-8.40E-05
32.96,-0.002970911
32.98,-0.007183532
33,-0.01146623
33.02,-0.01278004
33.04,-0.01192851
33.06,-0.01049658
33.08,-0.009022882
33.1,-0.008850268
33.12,-0.009009051
33.14,-0.007919821
33.16,-0.006106197
33.18,-0.00547232
33.2,-0.007121159
33.22,-0.008749931
33.24,-0.008841052
33.26,-0.008960711
33.28,-0.008831947
33.3,-0.008129114
33.32,-0.006800918
33.34,-0.003780752
33.36,0.000348818
33.38,0.004737424
33.4,0.008307666
33.42,0.01047175
33.44,0.0111457
33.46,0.01062454
33.48,0.01011264
33.5,0.009395759
33.52,0.0073358
33.54,0.003196631
33.56,-0.000733553
33.58,-0.002402354
33.6,-0.002110022
33.62,-0.000470752
33.64,0.001201885
33.66,0.000324286
33.68,-0.001285782
33.7,-0.000499398
33.72,0.000567916
33.74,-2.14E-05
33.76,-0.00120379
33.78,-0.003017758
33.8,-0.003254404
33.82,-0.000680642
33.84,0.002656001
33.86,0.005530037
33.88,0.007172248
33.9,0.006780055
33.92,0.004942822
33.94,0.003062117
33.96,0.000457613
33.98,-0.004760829
34,-0.009611352
34.02,-0.01004946
34.04,-0.008514951
34.06,-0.007616133
34.08,-0.006499168
34.1,-0.004150489
34.12,-0.000779525
34.14,0.002168059
34.16,0.004704719
34.18,0.007359256
34.2,0.008168707
34.22,0.006921985
34.24,0.00403306
34.26,0.000355814
34.28,-0.003399461
34.3,-0.006833421
34.32,-0.008469652
34.34,-0.00905309
34.36,-0.008713284
34.38,-0.006751477
34.4,-0.003133611
34.42,-4.57E-05
34.44,0.002082727
34.46,0.003551982
34.48,0.004820304
34.5,0.00524141
34.52,0.004139846
34.54,0.003032092
34.56,0.003371694
34.58,0.004942553
34.6,0.005650667
34.62,0.005810346
34.64,0.005843828
34.66,0.006059306
34.68,0.007176874
34.7,0.007925795
34.72,0.008699512
34.74,0.008847819
34.76,0.008599772
34.78,0.007319859
34.8,0.003056563
34.82,-0.001308334
34.84,-0.005102491
34.86,-0.008605641
34.88,-0.01070287
34.9,-0.01181854
34.92,-0.01252535
34.94,-0.01233617
34.96,-0.01061181
34.98,-0.006496801
35,-0.002379623
35.02,-0.001425668
35.04,-0.001666208
35.06,-0.001447952
35.08,-0.001537078
35.1,-0.001410832
35.12,-0.001258349
35.14,-0.001743861
35.16,-0.000466773
35.18,0.003203373
35.2,0.005795663
35.22,0.007651116
35.24,0.009578154
35.26,0.0111
35.28,0.01083858
35.3,0.007652948
35.32,0.003909662
35.34,0.002373727
35.36,0.002348125
35.38,0.001502824
35.4,0.000566052
35.42,0.000273415
35.44,0.000684572
35.46,0.001862425
35.48,0.001720756
35.5,0.000322016
35.52,-0.000571348
35.54,-2.33E-05
35.56,0.000236446
35.58,-0.000809541
35.6,-0.000922245
35.62,0.000146823
35.64,0.00145606
35.66,0.002383427
35.68,0.002110032
35.7,0.001176265
35.72,-0.000487
35.74,-0.002518573
35.76,-0.003892337
35.78,-0.00470262
35.8,-0.004343104
35.82,-0.003205808
35.84,-0.003820892
35.86,-0.006318512
35.88,-0.009095762
35.9,-0.01097473
35.92,-0.01011491
35.94,-0.006588112
35.96,-0.003651586
35.98,-0.002396365
36,0.000101318
36.02,0.004393029
36.04,0.007765722
36.06,0.009910096
36.08,0.01190847
36.1,0.01313621
36.12,0.01425822
36.14,0.01535164
36.16,0.01387155
36.18,0.009432017
36.2,0.003910958
36.22,-0.00225753
36.24,-0.00826766
36.26,-0.01192162
36.28,-0.01386747
36.3,-0.0155295
36.32,-0.01610244
36.34,-0.01441793
36.36,-0.01033126
36.38,-0.004418522
36.4,0.000804795
36.42,0.00304494
36.44,0.004345865
36.46,0.005698241
36.48,0.005637941
36.5,0.004487963
36.52,0.001945374
36.54,-0.001482241
36.56,-0.003443785
36.58,-0.003529614
36.6,-0.003585864
36.62,-0.004995003
36.64,-0.0082826
36.66,-0.01186183
36.68,-0.01412359
36.7,-0.01464977
36.72,-0.01280906
36.74,-0.008914182
36.76,-0.004189324
36.78,9.61E-05
36.8,0.002971593
36.82,0.004497582
36.84,0.00523422
36.86,0.003862044
36.88,0.00031886
36.9,-0.002207921
36.92,-0.001664262
36.94,0.000247572
36.96,0.001614881
36.98,0.002794843
37,0.004718131
37.02,0.006225024
37.04,0.006712346
37.06,0.006733275
37.08,0.005540801
37.1,0.004353616
37.12,0.003177047
37.14,0.001277297
37.16,0.000621695
37.18,0.002603493
37.2,0.005146167
37.22,0.006402873
37.24,0.004964691
37.26,0.001034497
37.28,-0.001497721
37.3,-0.001619398
37.32,-0.002460135
37.34,-0.004765373
37.36,-0.006271787
37.38,-0.00520105
37.4,-0.002589867
37.42,-0.000760328
37.44,-0.000137866
37.46,8.00E-05
37.48,0.000748724
37.5,0.001644392
37.52,0.001155595
37.54,-0.001463014
37.56,-0.004185494
37.58,-0.005388312
37.6,-0.00618436
37.62,-0.006567221
37.64,-0.005729533
37.66,-0.004180952
37.68,-0.001581596
37.7,0.000931185
37.72,0.001099285
37.74,-0.000661965
37.76,-0.002394369
37.78,-2.94E-03
37.8,-0.003143302
37.82,-0.003755783
37.84,-0.003907498
37.86,-0.001184266
37.88,0.004439632
37.9,0.01003458
37.92,0.01243152
37.94,0.01173239
37.96,0.0103
37.98,0.008277722
38,0.005577904
38.02,0.002659981
38.04,0.000224761
38.06,-0.001797939
38.08,-0.002514911
38.1,-0.00116777
38.12,0.001281657
38.14,0.004459108
38.16,0.007507732
38.18,0.008583938
38.2,0.008863192
38.22,0.009588847
38.24,0.009538046
38.26,0.00791116
38.28,0.005084124
38.3,0.001374586
38.32,-0.002288712
38.34,-0.004603875
38.36,-0.005155618
38.38,-0.004605736
38.4,-0.003005529
38.42,-0.001055964
38.44,4.64E-05
38.46,0.001088094
38.48,0.002147287
38.5,0.00254873
38.52,0.002851282
38.54,0.002539521
38.56,0.001264806
38.58,-0.00048872
38.6,-0.00194253
38.62,-0.002691413
38.64,-0.004012386
38.66,-0.005960614
38.68,-0.007362116
38.7,-0.008098714
38.72,-0.008505785
38.74,-0.008367389
38.76,-0.007391398
38.78,-0.005667363
38.8,-0.003805395
38.82,-0.001940918
38.84,-0.001154653
38.86,-0.000856623
38.88,-0.001557581
38.9,-0.004666764
38.92,-0.007827772
38.94,-0.008812169
38.96,-0.007898015
38.98,-0.005678911
39,-0.002959351
39.02,-8.16E-05
39.04,0.003375514
39.06,0.007670614
39.08,0.01165258
39.1,0.01378353
39.12,0.01410333
39.14,0.01361738
39.16,0.01255252
39.18,0.01062733
39.2,0.007446096
39.22,0.003521002
39.24,-0.000547477
39.26,-0.004290585
39.28,-0.007047596
39.3,-0.007847667
39.32,-0.006267984
39.34,-0.003277339
39.36,-0.000591646
39.38,0.000474031
39.4,0.000156691
39.42,-0.000395062
39.44,-0.001027426
39.46,-0.00230389
39.48,-0.003955961
39.5,-0.003752435
39.52,-0.001597475
39.54,0.000341899
39.56,0.002717029
39.58,0.002744112
39.6,0.000457405
39.62,0.001267711
39.64,0.000809918
39.66,0.000920134
39.68,0.004330058
39.7,0.002784669
39.72,-0.000532589
39.74,0.000146868
39.76,0.004577771
39.78,0.007636712
39.8,-0.001934142
39.82,-0.01063388
39.84,-0.006119254
39.86,0.001098171
39.88,0.005371739
39.9,-0.001038741
39.92,-0.009007258
39.94,-0.007338615
39.96,-9.26E-05
39.98,0.001971165
40,-0.003991693
40.02,-0.004943875
40.04,0.002643543
40.06,0.007677933
40.08,0.006645308
40.1,0.002943844
40.12,0.00237489
40.14,0.004399731
40.16,0.001701694
40.18,-0.003040726
40.2,-0.004097397
40.22,-0.001208198
40.24,0.001310883
40.26,-0.000200248
40.28,-0.002670967
40.3,-0.001594576
40.32,0.00148278
40.34,0.002443139
40.36,6.23E-05
40.38,-0.003779543
40.4,-0.005478793
40.42,-0.005037155
40.44,-0.005697897
40.46,-0.007065962
40.48,-0.005674823
40.5,-0.002601025
40.52,-0.001428614
40.54,-0.001397386
40.56,-0.001668711
40.58,-0.000941851
40.6,0.000138743
40.62,-0.001368961
40.64,-0.003667233
40.66,-0.003310717
40.68,-0.002211013
40.7,-0.00206745
40.72,0.000913985
40.74,0.003947715
40.76,0.005530232
40.78,0.007391979
40.8,0.007900293
40.82,0.008259953
40.84,0.009152395
40.86,0.007476346
40.88,0.003676632
40.9,0.000277722
40.92,-0.002264021
40.94,-0.00167975
40.96,0.001490119
40.98,0.00141819
41,-0.001087458
41.02,-0.001002732
41.04,0.001134046
41.06,0.002124696
41.08,0.00189306
41.1,-0.00102275
41.12,-0.005104211
41.14,-0.006726964
41.16,-0.006379993
41.18,-0.005160399
41.2,-0.00245845
41.22,0.001753306
41.24,0.005673169
41.26,0.006217457
41.28,0.004008776
41.3,0.00241283
41.32,0.001207765
41.34,-0.002683585
41.36,-0.008640141
41.38,-0.01172108
41.4,-0.009820474
41.42,-0.004031402
41.44,0.002117132
41.46,0.002520128
41.48,-0.000300604
41.5,0.003407997
41.52,0.01112384
41.54,0.01309786
41.56,0.00911053
41.58,0.004755768
41.6,0.002850478
41.62,0.00076371
41.64,-0.00279101
41.66,-0.00349171
41.68,-0.003461463
41.7,-0.007299564
41.72,-0.01140124
41.74,-0.01023293
41.76,-0.004732068
41.78,-0.000632142
41.8,-0.000987962
41.82,-0.003862343
41.84,-0.002101382
41.86,0.007040608
41.88,0.01598026
41.9,0.01708697
41.92,0.0116951
41.94,0.006358559
41.96,0.003356781
41.98,-0.00062077
42,-0.005866847
42.02,-0.009741371
42.04,-0.01190047
42.06,-0.01132417
42.08,-0.006354446
42.1,0.001024747
42.12,0.007635247
42.14,0.01152382
42.16,0.01243563
42.18,0.01120588
42.2,0.006674256
42.22,-0.000620748
42.24,-0.008140266
42.26,-0.01607318
42.28,-0.02175276
42.3,-0.01888485
42.32,-0.006107257
42.34,0.01274443
42.36,0.02875352
42.38,0.03376335
42.4,0.02680651
42.42,0.01313824
42.44,-0.003000018
42.46,-0.01838114
42.48,-0.02842511
42.5,-0.03226556
42.52,-0.03106498
42.54,-0.02423636
42.56,-0.01201984
42.58,0.002095229
42.6,0.01216046
42.62,0.01566047
42.64,0.01401019
42.66,0.008871231
42.68,0.004082117
42.7,0.000831335
42.72,-0.000695624
42.74,0.000959025
42.76,0.003471378
42.78,0.003061428
42.8,0.000128659
42.82,-0.002862864
42.84,-0.004742718
42.86,-0.005027727
42.88,-0.003296707
42.9,3.49E-05
42.92,0.003598295
42.94,0.004844749
42.96,0.003754805
42.98,0.001050982
43,-0.002293091
43.02,-0.005903705
43.04,-0.009436863
43.06,-0.00993433
43.08,-0.00748537
43.1,-0.004247983
43.12,-0.00011426
43.14,0.004731506
43.16,0.007686303
43.18,0.006985945
43.2,0.004464949
43.22,0.001955321
43.24,0.000871928
43.26,0.002182529
43.28,0.004229475
43.3,0.005345255
43.32,0.006146285
43.34,0.006746984
43.36,0.006151047
43.38,0.003576142
43.4,-0.00073378
43.42,-0.005670918
43.44,-0.009303152
43.46,-0.01101308
43.48,-0.01084802
43.5,-0.008695735
43.52,-0.005709286
43.54,-0.003541151
43.56,-0.002404097
43.58,-0.001835051
43.6,-0.002185726
43.62,-0.002891203
43.64,-0.003936126
43.66,-0.005452867
43.68,-0.005965256
43.7,-0.004193753
43.72,-0.001016028
43.74,0.001792839
43.76,0.003940076
43.78,0.005628484
43.8,0.005967904
43.82,0.004987987
43.84,0.003594057
43.86,0.002258055
43.88,0.001292885
43.9,0.001428139
43.92,0.002245048
43.94,0.002842682
43.96,0.003154722
43.98,0.002671665
44,1.82E-03
44.02,0.001026825
44.04,-0.000140707
44.06,-0.001698429
44.08,-0.003202587
44.1,-0.003158557
44.12,-0.001207952
44.14,0.00154059
44.16,0.004899695
44.18,0.00776303
44.2,0.008900756
44.22,0.008722305
44.24,0.007222382
44.26,0.004773681
44.28,0.00217131
44.3,-0.000833247
44.32,-0.003442534
44.34,-0.005605578
44.36,-0.007096236
44.38,-0.007009758
44.4,-0.005440334
44.42,-0.003246486
44.44,-0.001036313
44.46,0.000532713
44.48,0.00131341
44.5,0.001380841
44.52,0.000568775
44.54,-0.00049874
44.56,-0.001777301
44.58,-0.002977641
44.6,-0.003061434
44.62,-0.001779839
44.64,0.000677086
44.66,0.003446544
44.68,0.00649381
44.7,0.009718972
44.72,0.01145035
44.74,0.01025577
44.76,0.007239955
44.78,0.005185208
44.8,0.004046271
44.82,0.002089528
44.84,-0.000523103
44.86,-0.002718427
44.88,-0.004455713
44.9,-5.69E-03
44.92,-0.005881636
44.94,-0.005552778
44.96,-0.004774527
44.98,-0.003719186
45,-0.002673769
45.02,-0.001052002
45.04,0.001273459
45.06,0.00311539
45.08,0.00393058
45.1,0.004032074
45.12,0.003494865
45.14,0.002696105
45.16,0.002125021
45.18,0.001027726
45.2,-0.00084367
45.22,-0.002211251
45.24,-0.002955723
45.26,-0.003260548
45.28,-0.003256281
45.3,-0.003464268
45.32,-0.003909004
45.34,-0.004283289
45.36,-0.004517543
45.38,-0.004362183
45.4,-0.00382541
45.42,-0.002621078
45.44,-0.00054277
45.46,0.001107805
45.48,0.001938192
45.5,0.002165568
45.52,0.00180285
45.54,0.001043273
45.56,0.000208878
45.58,-0.000578993
45.6,-0.000894104
45.62,0.000650162
45.64,0.001729408
45.66,0.002620618
45.68,0.002981843
45.7,0.002998551
45.72,0.003430188
45.74,0.004110912
45.76,0.003444882
45.78,0.00089819
45.8,-0.001475798
45.82,-0.003273924
45.84,-0.004547435
45.86,-0.00483422
45.88,-0.004308479
45.9,-0.002349056
45.92,0.000459526
45.94,0.002386207
45.96,0.003220922
45.98,0.00348413
46,0.003193984
46.02,0.002743905
46.04,0.002502274
46.06,1.86E-03
46.08,0.001137979
46.1,0.001013722
46.12,0.001000315
46.14,0.000906847
46.16,0.001000757
46.18,0.001241402
46.2,0.001054966
46.22,0.000599915
46.24,4.84E-05
46.26,0.00010328
46.28,0.001178528
46.3,0.001982408
46.32,0.001917323
46.34,0.001522277
46.36,0.00089697
46.38,0.000747559
46.4,0.000896317
46.42,0.000721109
46.44,0.000601524
46.46,0.001192333
46.48,0.001908186
46.5,0.002416019
46.52,0.0028653
46.54,0.002939054
46.56,0.002714523
46.58,0.002414408
46.6,0.001861286
46.62,0.001106806
46.64,0.000503658
46.66,0.000336756
46.68,0.000108631
46.7,-0.000297734
46.72,-0.000327479
46.74,6.58E-05
46.76,0.000488979
46.78,0.000441428
46.8,-0.000396371
46.82,-0.001581313
46.84,-0.002297629
46.86,-0.002634353
46.88,-0.002990909
46.9,-0.003069949
46.92,-0.002795435
46.94,-0.002393114
46.96,-0.001950076
46.98,-0.001494394
47,-0.001154687
47.02,-0.000668231
47.04,8.63E-05
47.06,0.000637807
47.08,0.000697623
47.1,0.000387876
47.12,-7.76E-06
47.14,-0.000419469
47.16,-0.000822594
47.18,-0.001140835
47.2,-0.001168597
47.22,-0.000849059
47.24,-0.000494574
47.26,-0.000376489
47.28,-0.000289821
47.3,-0.0001438
47.32,-8.45E-05
47.34,-0.000161481
47.36,-0.000366484
47.38,-0.000633094
47.4,-0.000775519
47.42,-0.00079547
47.44,-0.000750774
47.46,-0.000661607
47.48,-0.000561508
47.5,-0.000426362
47.52,-0.000303395
47.54,-0.000287893
47.56,-0.000400265
47.58,-0.000557668
47.6,-0.000697056
47.62,-0.000778144
47.64,-0.000794514
47.66,-0.00078475
47.68,-0.000742974
47.7,-0.000638952
47.72,-0.000485266
47.74,-0.000336791
47.76,-0.000226988
47.78,-0.000166881
47.8,-0.000137263
47.82,-0.000122072
47.84,-0.000127762
47.86,-0.00015491
47.88,-0.000188383
47.9,-0.000217294
47.92,-0.000238159
47.94,-0.0002527
47.96,-0.000264474
47.98,-0.000273905
48,-0.00028073
